GEOCODE,LAT,LON,SOURCE,TYPE_STATION,STATE,CATEGORY,FIRST_YEAR,LAST_YEAR
cl143c6kyefugvwqm2w6i,-17.595000013243407,-69.4831000152044,CR2,METEOROLOGICA,nodata,nodata,1968-01-01,2018-12-31
cl143c6ky6vkspptxphs),-17.771899995859712,-69.72440000390634,CR2,METEOROLOGICA,nodata,nodata,1975-01-01,2017-12-31
cl143c6ky6tc5pt7j0c8a,-17.835000010672957,-69.70390000613406,CR2,METEOROLOGICA,nodata,nodata,1971-01-01,2017-12-31
cl143c6ky6mzy6nm02pua,-17.842800000216812,-69.69940001377836,CR2,METEOROLOGICA,nodata,nodata,2013-01-01,2018-12-31
cl143c6ky3wu7wd749t8a,-17.993100013118237,-69.65939997928217,CR2,METEOROLOGICA,nodata,nodata,1971-01-01,2017-12-31
cl143c6ky3x6w9rjtqgpa,-18.00359998131171,-69.6330999978818,CR2,METEOROLOGICA,nodata,nodata,2001-01-01,2018-12-31
cl143c6kyc332fet0w06a,-18.054199980106205,-69.20169999590144,CR2,METEOROLOGICA,nodata,nodata,1970-01-01,2018-12-31
cl143c6ky2sgqh9q6gs6s,-18.17469998029992,-69.74389999872074,CR2,METEOROLOGICA,nodata,nodata,1975-01-01,1981-12-31
cl143c6ky8d6bzyhpzu6o,-18.17690002033487,-69.5092000043951,CR2,METEOROLOGICA,nodata,nodata,1978-01-01,2018-12-31
cl143c6kyb89f0yg68v9i,-18.183600010816008,-69.23279999988154,CR2,METEOROLOGICA,nodata,nodata,1961-01-01,2017-12-31
cl143c6kyb8cru01pv6ba,-18.185800008941442,-69.21420001192018,CR2,METEOROLOGICA,nodata,nodata,1970-01-01,1989-12-31
cl143c6kyb2rbwxgjhtti,-18.193599998485297,-69.24579999642447,CR2,METEOROLOGICA,nodata,nodata,2015-01-01,2017-12-31
cl143c6ky83psy2nhvkb),-18.194999985862523,-69.55889999633655,CR2,METEOROLOGICA,nodata,nodata,2001-01-01,2018-12-31
cl143c6ky83ngtzx0zr4e,-18.19919998990372,-69.56029998371378,CR2,METEOROLOGICA,nodata,nodata,1968-01-01,2018-12-31
cl143c6ky8ry835t5gyma,-18.201399988029152,-69.2683000001125,CR2,METEOROLOGICA,nodata,nodata,1932-01-01,1989-12-31
cl143c6ky8ry02ge5vnma,-18.20420000469312,-69.2683000001125,CR2,METEOROLOGICA,nodata,nodata,1983-01-01,2018-12-31
cl143c6ky86kb5sd5etgf,-18.21060000685975,-69.51030000345781,CR2,METEOROLOGICA,nodata,nodata,1986-01-01,1988-12-31
cl143c6ky8r5u3z2zt7dn,-18.216399990487844,-69.29559998447075,CR2,METEOROLOGICA,nodata,nodata,1960-01-01,2017-12-31
cl143c6ky8qe3xyk18rm),-18.218100008089095,-69.32139998534694,CR2,METEOROLOGICA,nodata,nodata,1984-01-01,2018-12-31
cl143c6kyb38q78m8w3ea,-18.23530000867322,-69.18330000014976,CR2,METEOROLOGICA,nodata,nodata,1983-01-01,2018-12-31
cl143c6kyb54wg85j15ja,-18.266899993177503,-69.11669999593869,CR2,METEOROLOGICA,nodata,nodata,1984-01-01,1987-12-31
cl143c6kyb48p48gfuren,-18.280799996573478,-69.13829999277368,CR2,METEOROLOGICA,nodata,nodata,1962-01-01,2017-12-31
cl143c6kwxer8k6d39dma,-18.32719999132678,-69.46610000682995,CR2,METEOROLOGICA,nodata,nodata,1976-01-01,1979-12-31
cl143c6kwzdgfh26hjv8i,-18.347799985203892,-69.13419998483732,CR2,METEOROLOGICA,nodata,nodata,1967-01-01,1974-12-31
cl143c6kwx971u7mbkq9e,-18.35189999314025,-69.5519000175409,CR2,METEOROLOGICA,nodata,nodata,1970-01-01,2018-12-31
cl143c6kwx3rkw5v9ynha,-18.372199998702854,-69.54809999791905,CR2,METEOROLOGICA,nodata,nodata,1963-01-01,2018-12-31
cl143c6kwp72825pk4z4a,-18.4102999814786,-70.16919998684898,CR2,METEOROLOGICA,nodata,nodata,1966-01-01,2018-12-31
cl143c6kwwfn5qx2r6x4n,-18.46689999802038,-69.51670000562444,CR2,METEOROLOGICA,nodata,nodata,1938-01-01,2018-12-31
cl143c6ktyzu3by8754da,-18.477500004228204,-70.3207999910228,CR2,METEOROLOGICA,nodata,nodata,1974-01-01,2018-12-31
cl143c6kwnb7jybrhugce,-18.4832999878563,-70.29360000276938,CR2,METEOROLOGICA,nodata,nodata,1975-01-01,2018-12-31
cl143c6kwyf3qvyhq1xve,-18.493099983315915,-69.14939997950569,CR2,METEOROLOGICA,nodata,nodata,2015-01-01,2018-12-31
cl143c6kwyf27pddyq29e,-18.49829999031499,-69.1546999826096,CR2,METEOROLOGICA,nodata,nodata,1968-01-01,2018-12-31
cl143c6kwn8wh877wp0ko,-18.511900005396456,-70.28419999172911,CR2,METEOROLOGICA,nodata,nodata,1985-01-01,2018-12-31
cl143c6kww8vzbhn9pbsa,-18.513299992773682,-69.56559998681769,CR2,METEOROLOGICA,nodata,nodata,2006-01-01,2018-12-31
cl143c6kwnej24c3zzb4a,-18.515599987003952,-70.18060000380501,CR2,METEOROLOGICA,nodata,nodata,1966-01-01,2018-12-31
cl143c6kww69kj4zbmh7r,-18.581099992152303,-69.4939000136219,CR2,METEOROLOGICA,nodata,nodata,1968-01-01,2017-12-31
cl143c6kwv5fwm8g1ex7a,-18.79390000132844,-69.08439999679103,CR2,METEOROLOGICA,nodata,nodata,1971-01-01,2018-12-31
cl143c6kwhgwqrde8g34a,-18.81689998554066,-70.1499999803491,CR2,METEOROLOGICA,nodata,nodata,1968-01-01,2018-12-31
cl143c6kwkugwn3r6zh4a,-18.832200018223375,-69.74389999872074,CR2,METEOROLOGICA,nodata,nodata,1961-01-01,2018-12-31
cl143c6kws1xzb874qq5a,-18.941699985880405,-69.53280000714585,CR2,METEOROLOGICA,nodata,nodata,1975-01-01,2017-12-31
cl143c6kwkpz82rqjngqe,-18.943100015167147,-69.61970001691952,CR2,METEOROLOGICA,nodata,nodata,2005-01-01,2018-12-31
cl143c6kwey0wvpfbs5ge,-19.02469997992739,-69.33609999949113,CR2,METEOROLOGICA,nodata,nodata,1932-01-01,1965-12-31
cl143c6kwg77g1cdh6w5e,-19.09529999596998,-69.11080001620576,CR2,METEOROLOGICA,nodata,nodata,1962-01-01,1991-12-31
cl143c6kw5k0z4kbcku3a,-19.1116999858059,-70.12690000003204,CR2,METEOROLOGICA,nodata,nodata,1965-01-01,2018-12-31
cl143c6kwg0r9scxc7kze,-19.118099987972528,-69.24469999736175,CR2,METEOROLOGICA,nodata,nodata,2006-01-01,2018-12-31
cl143c6kx4d76pt30zeq),-19.228899988811463,-68.80440000677481,CR2,METEOROLOGICA,nodata,nodata,1985-01-01,2017-12-31
cl143c6kx4q4g6z6dg4m),-19.27639998262748,-68.6378000001423,CR2,METEOROLOGICA,nodata,nodata,1975-01-01,2018-12-31
cl143c6kwdjp4hsdqsbg),-19.296699988190085,-69.38669999828562,CR2,METEOROLOGICA,nodata,nodata,1986-01-01,1990-12-31
cl143c6kwdhk5fnh0064a,-19.3136000004597,-69.41719998372719,CR2,METEOROLOGICA,nodata,nodata,1971-01-01,2017-12-31
cl143c6kwcx1vgd69tp9a,-19.41360000288114,-68.94220000365749,CR2,METEOROLOGICA,nodata,nodata,1982-01-01,1988-12-31
cl143c6kwbc5qmq9ggg5a,-19.536900019738823,-69.20499999308959,CR2,METEOROLOGICA,nodata,nodata,2012-01-01,2017-12-31
cl143c6kwb18y38k0x17a,-19.683099982794374,-69.18330000014976,CR2,METEOROLOGICA,nodata,nodata,1988-01-01,2017-12-31
cl143c6krp91g4ccp0zgp,-19.76530000800267,-68.85810001054779,CR2,METEOROLOGICA,nodata,nodata,1982-01-01,1984-12-31
cl143c6kqz6we7h6feyoa,-19.783099985215813,-69.14330000756308,CR2,METEOROLOGICA,nodata,nodata,2004-01-01,2018-12-31
cl143c6kqxr9ub5u2bd4a,-19.80969999684021,-69.27309998078272,CR2,METEOROLOGICA,nodata,nodata,1988-01-01,2017-12-31
cl143c6krp14vv8jy0mca,-19.847200002986938,-68.85439998703077,CR2,METEOROLOGICA,nodata,nodata,1977-01-01,1989-12-31
cl143c6krpncmy2xbfn6a,-19.855299980845302,-68.6016999813728,CR2,METEOROLOGICA,nodata,nodata,1976-01-01,2012-12-31
cl143c6krpp2c7708udqo,-19.85860001994297,-68.58580001397058,CR2,METEOROLOGICA,nodata,nodata,2012-01-01,2017-12-31
cl143c6kqycwqmucmej5a,-19.87190000480041,-69.18310000794008,CR2,METEOROLOGICA,nodata,nodata,1968-01-01,2017-12-31
cl143c6krn9e62pgx1gs),-19.933300002012402,-68.83689999813214,CR2,METEOROLOGICA,nodata,nodata,1982-01-01,2018-12-31
cl143c6krnpxh3v1yg27i,-20.000299990642816,-68.57060001930222,CR2,METEOROLOGICA,nodata,nodata,1982-01-01,2016-12-31
cl143c6kqy1hzsqpx3n4a,-20.01219998812303,-69.20330001739785,CR2,METEOROLOGICA,nodata,nodata,1977-01-01,2016-12-31
cl143c6krjfjryjp1r48a,-20.053099987562746,-68.80750001175329,CR2,METEOROLOGICA,nodata,nodata,1961-01-01,2018-12-31
cl143c6kqtzeqbvhbsueo,-20.06499998504296,-69.27030000602826,CR2,METEOROLOGICA,nodata,nodata,1993-01-01,2018-12-31
cl143c6kqvbcr7hsgj24a,-20.075599991250783,-69.21469999244437,CR2,METEOROLOGICA,nodata,nodata,1986-01-01,2017-12-31
cl143c6kqvws4gqu1q9ca,-20.104400001000613,-68.96810000063851,CR2,METEOROLOGICA,nodata,nodata,2011-01-01,2016-12-31
cl143c6krj96xxtn553ua,-20.11190000222996,-68.84080001385882,CR2,METEOROLOGICA,nodata,nodata,2014-01-01,2016-12-31
cl143c6kqmkz3cd4yh7so,-20.130800020415336,-69.74969998234883,CR2,METEOROLOGICA,nodata,nodata,1993-01-01,2018-12-31
cl143c6krj704grze9vgo,-20.17029999056831,-68.77029999392107,CR2,METEOROLOGICA,nodata,nodata,2011-01-01,2016-12-31
cl143c6kqtn4h75zum06a,-20.203300004359335,-69.33969998499379,CR2,METEOROLOGICA,nodata,nodata,1977-01-01,1998-12-31
cl143c6kqhupbmq6vq76e,-20.215299997944385,-70.13610001886263,CR2,METEOROLOGICA,nodata,nodata,1984-01-01,2017-12-31
cl143c6krh8kyejt0bjco,-20.27610001852736,-68.88610000954941,CR2,METEOROLOGICA,nodata,nodata,1981-01-01,2018-12-31
cl143c6krh2k90qg2889a,-20.321899994742125,-68.89360001077875,CR2,METEOROLOGICA,nodata,nodata,2011-01-01,2016-12-31
cl143c6kqemnynbhq7r8a,-20.4842000012286,-69.38139999518171,CR2,METEOROLOGICA,nodata,nodata,1966-01-01,2018-12-31
cl143c6kr4hy47tj5vn5a,-20.70860001957044,-68.6941999825649,CR2,METEOROLOGICA,nodata,nodata,1982-01-01,2018-12-31
cl143c6kqbuy6d0zjj7ea,-20.92720001237467,-69.04559999937192,CR2,METEOROLOGICA,nodata,nodata,1977-01-01,2017-12-31
cl143c6kr0bmf0pmk3n8e,-20.930300017353147,-68.89219998149201,CR2,METEOROLOGICA,nodata,nodata,1977-01-01,2011-12-31
cl143c6kr0bt0wwy0c8ue,-20.933299984317273,-68.88329999288544,CR2,METEOROLOGICA,nodata,nodata,2011-01-01,2017-12-31
cl143c6kr0wq6bxren44a,-20.971400009002537,-68.62749998224899,CR2,METEOROLOGICA,nodata,nodata,1973-01-01,2018-12-31
cl143c6kr0d3gbze2bz9i,-20.996100010816008,-68.80190002033487,CR2,METEOROLOGICA,nodata,nodata,1971-01-01,1991-12-31
cl143c6kprkusc899yz6a,-21.20060000801459,-68.3394000143744,CR2,METEOROLOGICA,nodata,nodata,1978-01-01,1981-12-31
cl143c6kprqbqm3dnu56e,-21.2233000039123,-68.24939999962226,CR2,METEOROLOGICA,nodata,nodata,1971-01-01,2018-12-31
cl143c6kpmsbmk70n987r,-21.53110000072047,-68.3386000036262,CR2,METEOROLOGICA,nodata,nodata,1900-01-01,2018-12-31
cl143c6kphv9f88rmpf6a,-21.655299982521683,-68.66110001457855,CR2,METEOROLOGICA,nodata,nodata,1973-01-01,2018-12-31
cl143c6kphv99tyf2c5wa,-21.65580000495538,-68.66220001364127,CR2,METEOROLOGICA,nodata,nodata,2001-01-01,2018-12-31
cl143c6knsc8ved7mmx8a,-21.660299997311085,-69.5358000160195,CR2,METEOROLOGICA,nodata,nodata,1900-01-01,2017-12-31
cl143c6kpkqm50znw9x6n,-21.72529998002574,-68.27559998491779,CR2,METEOROLOGICA,nodata,nodata,1974-01-01,2017-12-31
cl143c6knednjx08zmfen,-21.850600002799183,-69.51389998896047,CR2,METEOROLOGICA,nodata,nodata,1996-01-01,2004-12-31
cl143c6kp5rh38kh0gsbe,-21.905300009530038,-68.59640002017841,CR2,METEOROLOGICA,nodata,nodata,1995-01-01,2017-12-31
cl143c6kp70rjm60s1hki,-21.93330000853166,-68.53640001034364,CR2,METEOROLOGICA,nodata,nodata,1970-01-01,1993-12-31
cl143c6kp70v7jft952c2,-21.942800015676767,-68.51749999215826,CR2,METEOROLOGICA,nodata,nodata,1969-01-01,2015-12-31
cl143c6kp5hhhgcp6jbco,-21.949999986682087,-68.72389999916777,CR2,METEOROLOGICA,nodata,nodata,1900-01-01,2017-12-31
cl143c6kp7j825urk6heo,-21.9705999805592,-68.31280000275001,CR2,METEOROLOGICA,nodata,nodata,1900-01-01,2017-12-31
cl143c6kpdu10kdqdyktb,-22.010299984831363,-68.02689999109134,CR2,METEOROLOGICA,nodata,nodata,2012-01-01,2018-12-31
cl143c6kpdgbqzexxe65a,-22.01390001224354,-68.0288999970071,CR2,METEOROLOGICA,nodata,nodata,2001-01-01,2017-12-31
cl143c6kp4wqmrh4rtree,-22.024999998975545,-68.62419998506084,CR2,METEOROLOGICA,nodata,nodata,1967-01-01,2017-12-31
cl143c6kp4wqpv5mwbqke,-22.026700016576797,-68.62079999176785,CR2,METEOROLOGICA,nodata,nodata,1978-01-01,1991-12-31
cl143c6kpdejgybbmnx8i,-22.027800015639514,-68.06610001483932,CR2,METEOROLOGICA,nodata,nodata,1900-01-01,2017-12-31
cl143c6kp4wmzyg2qywzi,-22.027800015639514,-68.62079999176785,CR2,METEOROLOGICA,nodata,nodata,2012-01-01,2017-12-31
cl143c6kn46u92mmw748a,-22.0797000057064,-70.18969998462126,CR2,METEOROLOGICA,nodata,nodata,1900-01-01,2018-12-31
cl143c6kp6jqjk990k43o,-22.11469998350367,-68.3167000184767,CR2,METEOROLOGICA,nodata,nodata,1900-01-01,2017-12-31
cl143c6kp9s15q9gs465r,-22.2296999883838,-68.02279998315498,CR2,METEOROLOGICA,nodata,nodata,1973-01-01,2018-12-31
cl143c6kp3qp4jgyqh13i,-22.24080001702532,-68.28810000093654,CR2,METEOROLOGICA,nodata,nodata,1980-01-01,1993-12-31
cl143c6kp92evdybr5u6e,-22.259200012777,-68.17329998826608,CR2,METEOROLOGICA,nodata,nodata,1972-01-01,2017-12-31
cl143c6kp3m2uhupp796a,-22.27530001429841,-68.3182999980636,CR2,METEOROLOGICA,nodata,nodata,1967-01-01,2017-12-31
cl143c6kp3r05n7805mpi,-22.27919998811558,-68.24280000524595,CR2,METEOROLOGICA,nodata,nodata,2012-01-01,2013-12-31
cl143c6kp3hxmq2eccbda,-22.283299996051937,-68.3496999903582,CR2,METEOROLOGICA,nodata,nodata,1975-01-01,1977-12-31
cl143c6kp90p00zx43fee,-22.285599990282208,-68.20280001265928,CR2,METEOROLOGICA,nodata,nodata,1975-01-01,2018-12-31
cl143c6kp3hy2fv4djbua,-22.289400009904057,-68.34470001747832,CR2,METEOROLOGICA,nodata,nodata,2001-01-01,2018-12-31
cl143c6kp2zv9rk934q6a,-22.336700011510402,-68.21219998179004,CR2,METEOROLOGICA,nodata,nodata,1971-01-01,2008-12-31
cl143c6kp0yjs2bur098u,-22.33780001057312,-68.63670000107959,CR2,METEOROLOGICA,nodata,nodata,1974-01-01,2017-12-31
cl143c6kp8sr6nzhxy27o,-22.371100012678653,-68.01330001791939,CR2,METEOROLOGICA,nodata,nodata,1977-01-01,2018-12-31
cl143c6kn2xeq6n4mr17r,-22.3939000046812,-69.62249999167398,CR2,METEOROLOGICA,nodata,nodata,1973-01-01,1991-12-31
cl143c6kp0211qg0e2y5a,-22.449399980250746,-68.90440000919625,CR2,METEOROLOGICA,nodata,nodata,1900-01-01,2018-12-31
cl143c67zx0u71meze99e,-22.652200001757592,-68.16579998703673,CR2,METEOROLOGICA,nodata,nodata,1900-01-01,2017-12-31
cl143c67yty91kdxugsca,-22.8891999903135,-69.32190000778064,CR2,METEOROLOGICA,nodata,nodata,1994-01-01,2018-12-31
cl143c67zt8n4ncyd7rma,-22.90529999183491,-68.20029998430982,CR2,METEOROLOGICA,nodata,nodata,1958-01-01,2016-12-31
cl143c67zshdtdb7trmml,-23.188900009263307,-67.997799993027,CR2,METEOROLOGICA,nodata,nodata,1975-01-01,2009-12-31
cl143c67zsh3tp6peffdn,-23.193599993828684,-68.0094000021927,CR2,METEOROLOGICA,nodata,nodata,1975-01-01,1991-12-31
cl143c67zerhjdge52e6e,-23.3125000144355,-67.88780000293627,CR2,METEOROLOGICA,nodata,nodata,1900-01-01,2017-12-31
cl143c67y76b0rcj9nr8o,-23.333599988836795,-69.83969999710098,CR2,METEOROLOGICA,nodata,nodata,1900-01-01,2018-12-31
cl143c67zdv6yubvxdg4r,-23.406899983529,-67.96310000354424,CR2,METEOROLOGICA,nodata,nodata,1900-01-01,2017-12-31
cl143c67vfn0j1tjx5hza,-23.55439997976646,-70.39330001687631,CR2,METEOROLOGICA,nodata,nodata,2014-01-01,2016-12-31
cl143c67z9z44hq54uc6e,-23.5869000130333,-67.89249998750165,CR2,METEOROLOGICA,nodata,nodata,1900-01-01,2016-12-31
cl143c67vcy21yx50mrba,-23.597500019241124,-70.38669998059049,CR2,METEOROLOGICA,nodata,nodata,1900-01-01,2017-12-31
cl143c67vcwtjujhv1nza,-23.614399989601225,-70.37029999075457,CR2,METEOROLOGICA,nodata,nodata,2015-01-01,2017-12-31
cl143c67z9723te347z4e,-23.684199994895607,-68.05809999117628,CR2,METEOROLOGICA,nodata,nodata,1974-01-01,2017-12-31
cl143c67vcjt1ps6vsmta,-23.701699983794242,-70.42079999344423,CR2,METEOROLOGICA,nodata,nodata,2015-01-01,2017-12-31
cl143c67xndc1zsxdyp5c,-24.16309999069199,-68.78280000993982,CR2,METEOROLOGICA,nodata,nodata,1972-01-01,1977-12-31
cl143c67xmd8ycjfjv09i,-24.341400002595037,-68.43530000885949,CR2,METEOROLOGICA,nodata,nodata,1974-01-01,1980-12-31
cl143c67w9fpcp49dydoa,-24.961100004147738,-69.5200000028126,CR2,METEOROLOGICA,nodata,nodata,1986-01-01,1986-12-31
cl143c67qxx0f69xf8h8s,-25.395800003316253,-69.2985999933444,CR2,METEOROLOGICA,nodata,nodata,1987-01-01,1988-12-31
cl143c67qpxbn62by6hcs,-25.40000000735745,-69.96330000227317,CR2,METEOROLOGICA,nodata,nodata,1987-01-01,2017-12-31
cl143c67mzkpqppcwsud),-25.4033000045456,-70.47970000421628,CR2,METEOROLOGICA,nodata,nodata,2014-01-01,2018-12-31
cl143c67mzkphwuswjw6l,-25.404699991922826,-70.48190000234172,CR2,METEOROLOGICA,nodata,nodata,1900-01-01,2016-12-31
cl143c67qm3dvh95xtfca,-25.77999999979511,-69.88809999777004,CR2,METEOROLOGICA,nodata,nodata,1986-01-01,1988-12-31
cl143c67q2nxrhccewe8s,-26.678100011777133,-69.66559998923913,CR2,METEOROLOGICA,nodata,nodata,1984-01-01,2018-12-31
cl143c67jwh81wkzmkq6a,-27.0691999909468,-70.81559999613091,CR2,METEOROLOGICA,nodata,nodata,1992-01-01,2017-12-31
cl143c3gpvc8rd1p9my4e,-27.112499980721623,-90.27529998449609,CR2,METEOROLOGICA,nodata,nodata,2010-01-01,2010-12-31
cl143c67ntc00bkdubves,-27.114199998322874,-69.56419999944046,CR2,METEOROLOGICA,nodata,nodata,1966-01-01,2017-12-31
cl143c67jur84sm848b6o,-27.377199979964644,-70.3308000206016,CR2,METEOROLOGICA,nodata,nodata,1971-01-01,2018-12-31
cl143c67n46dm6dbwskho,-27.71669999929145,-70.1953000179492,CR2,METEOROLOGICA,nodata,nodata,1978-01-01,2017-12-31
cl143c67n1u4r5su1mkra,-27.80440001981333,-70.12690000003204,CR2,METEOROLOGICA,nodata,nodata,2010-01-01,2017-12-31
cl143c67n1st6hd744w8s,-27.83170000417158,-70.11189999757335,CR2,METEOROLOGICA,nodata,nodata,1967-01-01,2017-12-31
cl143c67n3sstcnwynhpa,-27.836399988736957,-69.75499998545274,CR2,METEOROLOGICA,nodata,nodata,1966-01-01,2017-12-31
cl143c67j932d3fkvju9l,-27.902199982199818,-70.95750000094995,CR2,METEOROLOGICA,nodata,nodata,1987-01-01,2017-12-31
cl143c67n0z49nsfu5xfe,-27.978299993555993,-70.00329999485984,CR2,METEOROLOGICA,nodata,nodata,1930-01-01,2018-12-31
cl143c67n0xwtyrmcbmqo,-28.000300016719848,-69.9747000192292,CR2,METEOROLOGICA,nodata,nodata,2013-01-01,2018-12-31
cl143c67n20rnsm5rt5qo,-28.085799997206777,-69.94079999858513,CR2,METEOROLOGICA,nodata,nodata,2016-01-01,2018-12-31
cl143c67j8jkdy2c6wbda,-28.09920002007857,-70.78109999885783,CR2,METEOROLOGICA,nodata,nodata,1986-01-01,2017-12-31
cl143c66ypzwmvbkf5p6s,-28.133599979337305,-69.97500000754371,CR2,METEOROLOGICA,nodata,nodata,1966-01-01,2017-12-31
cl143c66yrcf4k7m6zega,-28.15719998208806,-69.88079998875037,CR2,METEOROLOGICA,nodata,nodata,1988-01-01,2017-12-31
cl143c66yrhu6ur3p4kho,-28.276699979323894,-69.74810000276193,CR2,METEOROLOGICA,nodata,nodata,1990-01-01,1992-12-31
cl143c66vq53f0m15p15o,-28.466899988707155,-71.22139998944476,CR2,METEOROLOGICA,nodata,nodata,1976-01-01,1992-12-31
cl143c66vq5bwz8t31cbo,-28.472499980125576,-71.19310000212863,CR2,METEOROLOGICA,nodata,nodata,1993-01-01,2017-12-31
cl143c66vmyd2ttbz0h7a,-28.507200011517853,-71.08059998368844,CR2,METEOROLOGICA,nodata,nodata,1987-01-01,2017-12-31
cl143c66vtktzh5svgeo),-28.57610000995919,-70.80809999490157,CR2,METEOROLOGICA,nodata,nodata,1993-01-01,2017-12-31
cl143c66vtqk0cvs8x6ca,-28.58609999762848,-70.73970001889393,CR2,METEOROLOGICA,nodata,nodata,1972-01-01,2018-12-31
cl143c66vtmfsnjwxshcc,-28.593599998857826,-70.75720000779256,CR2,METEOROLOGICA,nodata,nodata,1977-01-01,1983-12-31
cl143c66vubj31kqt54ba,-28.667199981864542,-70.66250000847504,CR2,METEOROLOGICA,nodata,nodata,1961-01-01,2018-12-31
cl143c66vudx7h1u5hvoa,-28.699700015131384,-70.54999999003485,CR2,METEOROLOGICA,nodata,nodata,2015-01-01,2017-12-31
cl143c66vue9f84gczrqs,-28.730599984992296,-70.50670000026003,CR2,METEOROLOGICA,nodata,nodata,2003-01-01,2017-12-31
cl143c66vukjsb3ke36gn,-28.75389999942854,-70.48170001013204,CR2,METEOROLOGICA,nodata,nodata,1948-01-01,2017-12-31
cl143c66y58xy44013dbo,-28.873100008349866,-70.28219998581335,CR2,METEOROLOGICA,nodata,nodata,1993-01-01,2018-12-31
cl143c66y5tdxdhxmfygs,-28.901900018099695,-70.06029999582097,CR2,METEOROLOGICA,nodata,nodata,1990-01-01,1992-12-31
cl143c66vgkt784kh458x,-28.93110001226887,-70.46140000456944,CR2,METEOROLOGICA,nodata,nodata,1969-01-01,2017-12-31
cl143c66y5kf9gtvp62ps,-28.945599992293864,-70.10109999915585,CR2,METEOROLOGICA,nodata,nodata,2015-01-01,2018-12-31
cl143c66y5k97nbwet3me,-28.951899998355657,-70.11060000630096,CR2,METEOROLOGICA,nodata,nodata,1999-01-01,2017-12-31
cl143c66ve6c0b7kskm6o,-28.9543999847956,-70.89360001729801,CR2,METEOROLOGICA,nodata,nodata,1994-01-01,2017-12-31
cl143c66y55t7bmss074y,-28.97500002058223,-70.15330001944676,CR2,METEOROLOGICA,nodata,nodata,1965-01-01,2017-12-31
cl143c66y54s6vn03gz8l,-28.979700005147606,-70.19860001513734,CR2,METEOROLOGICA,nodata,nodata,1993-01-01,2017-12-31
cl143c66y54u496ex379s,-28.981700011063367,-70.18810000503436,CR2,METEOROLOGICA,nodata,nodata,1959-01-01,1992-12-31
cl143c66vfmsy1mnw9mql,-29.109399982262403,-70.41390001075342,CR2,METEOROLOGICA,nodata,nodata,2015-01-01,2018-12-31
cl143c66vfnx83n7hy18l,-29.13829998811707,-70.37779999198392,CR2,METEOROLOGICA,nodata,nodata,1995-01-01,2017-12-31
cl143c66v2vsv3k1m17be,-29.37310002045706,-71.11809998983517,CR2,METEOROLOGICA,nodata,nodata,1979-01-01,2017-12-31
cl143c66tqmbr77qsw9ho,-29.836900017689914,-71.10440002055839,CR2,METEOROLOGICA,nodata,nodata,1961-01-01,1963-12-31
cl143c66tynq77vwgc85a,-29.847800012212247,-70.38470001658425,CR2,METEOROLOGICA,nodata,nodata,1989-01-01,2017-12-31
cl143c66tmfec224vstv),-29.90610000444576,-71.25559999840334,CR2,METEOROLOGICA,nodata,nodata,1971-01-01,2017-12-31
cl143c66tvdux94dk2vpr,-29.945800008717924,-70.53279998945072,CR2,METEOROLOGICA,nodata,nodata,2014-01-01,2018-12-31
cl143c66wj8ertt31v0bo,-29.951899980660528,-70.27999998768792,CR2,METEOROLOGICA,nodata,nodata,1958-01-01,1965-12-31
cl143c66wjkzzvxqh0wza,-29.971099987160414,-70.0927999871783,CR2,METEOROLOGICA,nodata,nodata,2014-01-01,2018-12-31
cl143c66wjkyygfhg4h5s,-29.976900012698025,-70.09440000867471,CR2,METEOROLOGICA,nodata,nodata,1990-01-01,2017-12-31
cl143c66tv6qfd1hzh88a,-29.977200001012534,-70.56169999530539,CR2,METEOROLOGICA,nodata,nodata,1937-01-01,2017-12-31
cl143c66tv6w9hzt55bpa,-29.978100007865578,-70.55250001838431,CR2,METEOROLOGICA,nodata,nodata,2015-01-01,2018-12-31
cl143c66tt6jythbg468l,-29.982200015801936,-70.918600007426,CR2,METEOROLOGICA,nodata,nodata,1958-01-01,2017-12-31
cl143c66tv3g82dwv9vql,-29.995300008449703,-70.58669998543337,CR2,METEOROLOGICA,nodata,nodata,2011-01-01,2018-12-31
cl143c66tt7ekd2cg21fe,-29.99640000751242,-70.85559998871759,CR2,METEOROLOGICA,nodata,nodata,1962-01-01,1967-12-31
cl143c66tm66q8s293fdr,-30.002199991140515,-71.259199983906,CR2,METEOROLOGICA,nodata,nodata,1978-01-01,1993-12-31
cl143c66ttnb3ej3n8sc),-30.056700005661696,-70.71669999277219,CR2,METEOROLOGICA,nodata,nodata,1971-01-01,2017-12-31
cl143c66tugf7ut163ece,-30.089399989228696,-70.49389999592677,CR2,METEOROLOGICA,nodata,nodata,1958-01-01,2017-12-31
cl143c66tueus27h1sxfc,-30.12169998837635,-70.49330001929775,CR2,METEOROLOGICA,nodata,nodata,1977-01-01,2017-12-31
cl143c66tutbuveef9q8z,-30.141400017309934,-70.40469999192283,CR2,METEOROLOGICA,nodata,nodata,1989-01-01,2017-12-31
cl143c66tu7zbeyd97p9s,-30.147200000938028,-70.49829999217764,CR2,METEOROLOGICA,nodata,nodata,1977-01-01,2017-12-31
cl143c66tuhpkeu9n4y8a,-30.19389998400584,-70.48190000234172,CR2,METEOROLOGICA,nodata,nodata,1979-01-01,2017-12-31
cl143c66whnjsv42y39he,-30.20329999504611,-70.0421999883838,CR2,METEOROLOGICA,nodata,nodata,1964-01-01,2017-12-31
cl143c66texq2xjmzj56o,-30.286700015421957,-70.69609999889508,CR2,METEOROLOGICA,nodata,nodata,1943-01-01,2017-12-31
cl143c66t5xs8y8tww2gs,-30.296400014776736,-71.3880999921821,CR2,METEOROLOGICA,nodata,nodata,1961-01-01,1970-12-31
cl143c66temdfueqp22ca,-30.350300010759383,-70.77000001212582,CR2,METEOROLOGICA,nodata,nodata,1967-01-01,1974-12-31
cl143c66tg1pmj7t82s8s,-30.369399979244918,-70.61310000484809,CR2,METEOROLOGICA,nodata,nodata,1943-01-01,1977-12-31
cl143c66te5778se6317a,-30.39220001315698,-70.86780001642182,CR2,METEOROLOGICA,nodata,nodata,1946-01-01,2016-12-31
cl143c66te1b0h6ufp08o,-30.409400013741106,-70.93859998276457,CR2,METEOROLOGICA,nodata,nodata,1968-01-01,1989-12-31
cl143c66tffrzfe24637n,-30.41109998943284,-70.55439998628572,CR2,METEOROLOGICA,nodata,nodata,1968-01-01,2017-12-31
cl143c66tdb6cf2cdqkze,-30.43860000791028,-71.00220002001151,CR2,METEOROLOGICA,nodata,nodata,2017-01-01,2018-12-31
cl143c66tdycte2bwx7fy,-30.44529999839142,-70.71139998966828,CR2,METEOROLOGICA,nodata,nodata,1968-01-01,1971-12-31
cl143c66tfdyt0vdrfbtn,-30.462200010661036,-70.53609998663887,CR2,METEOROLOGICA,nodata,nodata,2017-01-01,2018-12-31
cl143c66t6wg4v9u7dxtr,-30.480600006412715,-71.06669998029247,CR2,METEOROLOGICA,nodata,nodata,1951-01-01,1964-12-31
cl143c66t6qn6u2vtjhge,-30.506899987813085,-71.0996999940835,CR2,METEOROLOGICA,nodata,nodata,1943-01-01,2017-12-31
cl143c66t6hw5c1cq2ys),-30.552800002042204,-71.16419999627396,CR2,METEOROLOGICA,nodata,nodata,1977-01-01,1983-12-31
cl143c66t3gv3dxf8nc9a,-30.60059998417273,-71.19999998481944,CR2,METEOROLOGICA,nodata,nodata,1971-01-01,2017-12-31
cl143c66t1zf6ys97h57e,-30.61639999737963,-71.37419998878613,CR2,METEOROLOGICA,nodata,nodata,1936-01-01,2017-12-31
cl143c66t3txu7vf7cb6i,-30.630599989090115,-71.11939998110756,CR2,METEOROLOGICA,nodata,nodata,1954-01-01,2017-12-31
cl143c66t1kr1mynqhn5a,-30.67830001702532,-71.52999999700114,CR2,METEOROLOGICA,nodata,nodata,1968-01-01,1977-12-31
cl143c66t93hzcts27xca,-30.69140000967309,-70.9607999981381,CR2,METEOROLOGICA,nodata,nodata,1970-01-01,1989-12-31
cl143c66t3rs104bhsxee,-30.695800005923957,-71.03609999874607,CR2,METEOROLOGICA,nodata,nodata,1943-01-01,2017-12-31
cl143c66t964z0zrptehn,-30.702499996405095,-70.91779999667779,CR2,METEOROLOGICA,nodata,nodata,1965-01-01,1979-12-31
cl143c66t9646kjtn61yn,-30.70469999453053,-70.92439999105409,CR2,METEOROLOGICA,nodata,nodata,2017-01-01,2018-12-31
cl143c66t9jrquxgzk34l,-30.721099984366447,-70.77530001522973,CR2,METEOROLOGICA,nodata,nodata,1969-01-01,2017-12-31
cl143c66tcje5xc3dkfka,-30.74390001827851,-70.41749999625608,CR2,METEOROLOGICA,nodata,nodata,1984-01-01,1992-12-31
cl143c66tb9xgp4ysvn8n,-30.805799996014684,-70.5938999983482,CR2,METEOROLOGICA,nodata,nodata,1958-01-01,1974-12-31
cl143c66t89jbc31tn66e,-30.817799989599735,-70.97059999359772,CR2,METEOROLOGICA,nodata,nodata,1966-01-01,2017-12-31
cl143c66t2devr49t3f8i,-30.82780001917854,-71.25000000698492,CR2,METEOROLOGICA,nodata,nodata,1961-01-01,2017-12-31
cl143c66t8rp0phb4vq7l,-30.853900008369237,-70.70780000416562,CR2,METEOROLOGICA,nodata,nodata,1967-01-01,1989-12-31
cl143c66t8mx462g4c04n,-30.854700019117445,-70.77079998096451,CR2,METEOROLOGICA,nodata,nodata,1943-01-01,2017-12-31
cl143c66t232gqwgd1rba,-30.888300009537488,-71.30749998847023,CR2,METEOROLOGICA,nodata,nodata,1989-01-01,2017-12-31
cl143c66tb2213qp3x38a,-30.893299982417375,-70.651099991519,CR2,METEOROLOGICA,nodata,nodata,1937-01-01,1964-12-31
cl143c66t05yfdmnt2j9a,-30.90000001480803,-71.55030000256374,CR2,METEOROLOGICA,nodata,nodata,1901-01-01,2017-12-31
cl143c66t8jd2t7pr9xmo,-30.924199994187802,-70.7731000171043,CR2,METEOROLOGICA,nodata,nodata,2017-01-01,2018-12-31
cl143c66mxvdxk9x7y07n,-30.966900007333606,-70.7638999982737,CR2,METEOROLOGICA,nodata,nodata,1949-01-01,2017-12-31
cl143c66mrw7jn3rnu5ee,-31.007800006773323,-71.08559999847785,CR2,METEOROLOGICA,nodata,nodata,1936-01-01,2017-12-31
cl143c66mz9fkrv0j7fss,-31.011699980590492,-70.58109999401495,CR2,METEOROLOGICA,nodata,nodata,2011-01-01,2018-12-31
cl143c66mxxcy6c910c8o,-31.01530000800267,-70.6663999822922,CR2,METEOROLOGICA,nodata,nodata,1961-01-01,2017-12-31
cl143c66mz9c2frxhdrbs,-31.01809998275712,-70.58580002048984,CR2,METEOROLOGICA,nodata,nodata,1943-01-01,2017-12-31
cl143c66mrrqwn948yzzi,-31.032500008586794,-71.04030000278726,CR2,METEOROLOGICA,nodata,nodata,2014-01-01,2018-12-31
cl143c66mx1mruchvx988,-31.083599987905473,-70.9499999997206,CR2,METEOROLOGICA,nodata,nodata,1943-01-01,2017-12-31
cl143c66mx4br05c3p3pa,-31.11190001713112,-70.88500001700595,CR2,METEOROLOGICA,nodata,nodata,2014-01-01,2018-12-31
cl143c66mw8m4b97y2d9a,-31.173600002657622,-71.00079999072477,CR2,METEOROLOGICA,nodata,nodata,1977-01-01,2017-12-31
cl143c66mjmun9vs9x2dc,-31.39859999762848,-71.45689999451861,CR2,METEOROLOGICA,nodata,nodata,1973-01-01,2017-12-31
cl143c66msu87gj0huxss,-31.506900012027472,-70.81249999115244,CR2,METEOROLOGICA,nodata,nodata,2013-01-01,2018-12-31
cl143c66mss7tdku07e9s,-31.533099997323006,-70.8210999914445,CR2,METEOROLOGICA,nodata,nodata,1989-01-01,2017-12-31
cl143c66mss07q1vu1dea,-31.550299997907132,-70.83529998315498,CR2,METEOROLOGICA,nodata,nodata,1918-01-01,1989-12-31
cl143c66ms3nt318knspl,-31.56080000801012,-70.96439998364076,CR2,METEOROLOGICA,nodata,nodata,2014-01-01,2018-12-31
cl143c66ms2v2tqx26f6l,-31.566899979952723,-70.98169998032972,CR2,METEOROLOGICA,nodata,nodata,1914-01-01,2017-12-31
cl143c66mhq1xj7z5ngce,-31.58750001573935,-71.4452999853529,CR2,METEOROLOGICA,nodata,nodata,1974-01-01,2017-12-31
cl143c66m7up0qw0kn1bs,-31.64499999722466,-71.19080000789836,CR2,METEOROLOGICA,nodata,nodata,1971-01-01,1979-12-31
cl143c66m7up0qw0kn1ba,-31.64499999722466,-71.19080000789836,CR2,METEOROLOGICA,nodata,nodata,1972-01-01,2017-12-31
cl143c66m7fe9gv0hg0ql,-31.664699984248728,-71.2546999915503,CR2,METEOROLOGICA,nodata,nodata,2012-01-01,2018-12-31
cl143c66mewvfqd6tsrua,-31.695799988228828,-70.71579998591915,CR2,METEOROLOGICA,nodata,nodata,2012-01-01,2018-12-31
cl143c66mekpvvvb27jbn,-31.72889999812469,-70.83169999765232,CR2,METEOROLOGICA,nodata,nodata,1930-01-01,2017-12-31
cl143c66m7ksvrzx16y8a,-31.744999999646097,-71.1619000020437,CR2,METEOROLOGICA,nodata,nodata,1964-01-01,2017-12-31
cl143c66m7q56x9gv7q7o,-31.75330001162365,-71.099999982398,CR2,METEOROLOGICA,nodata,nodata,1960-01-01,1989-12-31
cl143c66me1p7kx3ecx8a,-31.775800015311688,-70.96690001199022,CR2,METEOROLOGICA,nodata,nodata,1971-01-01,2017-12-31
cl143c66me1by5kjqcvqa,-31.811699999962002,-70.93030001269653,CR2,METEOROLOGICA,nodata,nodata,2012-01-01,2018-12-31
cl143c66mfcrywkc0rwz),-31.816700014751405,-70.60000001220033,CR2,METEOROLOGICA,nodata,nodata,2012-01-01,2018-12-31
cl143c66mdxbg1p8vrcda,-31.8999999971129,-70.6705999863334,CR2,METEOROLOGICA,nodata,nodata,1962-01-01,2017-12-31
cl143c66mdt86mbyfcb5n,-31.901900006923825,-70.77079998096451,CR2,METEOROLOGICA,nodata,nodata,1974-01-01,2017-12-31
cl143c66m4kycj0bgjydc,-31.910300015006214,-71.50859999237582,CR2,METEOROLOGICA,nodata,nodata,1982-01-01,2017-12-31
cl143c66m6m6bm2wrr67s,-31.932200000155717,-71.1361000011675,CR2,METEOROLOGICA,nodata,nodata,1989-01-01,2017-12-31
cl143c66mf34svqce207n,-31.933599987532943,-70.61329999705777,CR2,METEOROLOGICA,nodata,nodata,1958-01-01,2017-12-31
cl143c66m6q8hbz6w2pso,-31.948100009467453,-71.07470000395551,CR2,METEOROLOGICA,nodata,nodata,2012-01-01,2018-12-31
cl143c66mf1sdsrr0ngpn,-31.966699997428805,-70.5944000207819,CR2,METEOROLOGICA,nodata,nodata,2001-01-01,2018-12-31
cl143c66m3ubue9d6239o,-32.03139999182895,-71.15220000268891,CR2,METEOROLOGICA,nodata,nodata,1977-01-01,1989-12-31
cl143c66m397e8mc9ymbo,-32.06080002011731,-71.30720000015572,CR2,METEOROLOGICA,nodata,nodata,1977-01-01,1989-12-31
cl143c66m3e63372wz6ee,-32.06750001059845,-71.22249998850748,CR2,METEOROLOGICA,nodata,nodata,1972-01-01,2017-12-31
cl143c66m1x45dv78txda,-32.06860000966117,-71.40610000351444,CR2,METEOROLOGICA,nodata,nodata,1976-01-01,1989-12-31
cl143c66m9kzm52rmxhha,-32.08360001211986,-70.8000000170432,CR2,METEOROLOGICA,nodata,nodata,1962-01-01,2017-12-31
cl143c66m334zcf71uqcs,-32.10860000224784,-71.31250000325963,CR2,METEOROLOGICA,nodata,nodata,1977-01-01,2017-12-31
cl143c66m1kcpq10pcf8i,-32.11749999085441,-71.49999999208376,CR2,METEOROLOGICA,nodata,nodata,1979-01-01,2017-12-31
cl143c66m3hskc69d355n,-32.14439999079332,-71.16280000889674,CR2,METEOROLOGICA,nodata,nodata,1972-01-01,2017-12-31
cl143c66m3pdj99h9hxeo,-32.15670001460239,-71.02999998489395,CR2,METEOROLOGICA,nodata,nodata,1972-01-01,2017-12-31
cl143c66m0zzh7g5qkmko,-32.1728000161238,-71.37219998287037,CR2,METEOROLOGICA,nodata,nodata,1977-01-01,1989-12-31
cl143c66m8vm1hvw45f6o,-32.1836000145413,-70.78329999698326,CR2,METEOROLOGICA,nodata,nodata,1962-01-01,2017-12-31
cl143c66mbuh7c89zrmqe,-32.188299999106675,-70.48309999750927,CR2,METEOROLOGICA,nodata,nodata,1987-01-01,1987-12-31
cl143c66m8sp2q42dzs8o,-32.21500000683591,-70.83939999109134,CR2,METEOROLOGICA,nodata,nodata,1958-01-01,1978-12-31
cl143c66m0xnwbgu9teko,-32.219999979715794,-71.40170000726357,CR2,METEOROLOGICA,nodata,nodata,1977-01-01,1984-12-31
cl143c66m8wvt4j29vbqo,-32.225299982819706,-70.71190001210198,CR2,METEOROLOGICA,nodata,nodata,2012-01-01,2018-12-31
cl143c66mb9me2q0z84jo,-32.22560001304373,-70.6044000084512,CR2,METEOROLOGICA,nodata,nodata,1962-01-01,1975-12-31
cl143c66m8tm2tred9tma,-32.226099993567914,-70.7839000155218,CR2,METEOROLOGICA,nodata,nodata,1944-01-01,2017-12-31
cl143c66m8wuywc9d88be,-32.22859998000786,-70.71000000229105,CR2,METEOROLOGICA,nodata,nodata,1901-01-01,2017-12-31
cl143c66m2t0w3y6r1y7o,-32.252800001297146,-71.13859998760745,CR2,METEOROLOGICA,nodata,nodata,1903-01-01,2017-12-31
cl143c66m82k7t504d9co,-32.27559999329969,-70.99969999166206,CR2,METEOROLOGICA,nodata,nodata,1978-01-01,2017-12-31
cl143c66m82eg7w8zdgzo,-32.278600002173334,-70.98889999324456,CR2,METEOROLOGICA,nodata,nodata,2003-01-01,2017-12-31
cl143c66mb0xbe25druba,-32.300599983427674,-70.64139999216422,CR2,METEOROLOGICA,nodata,nodata,1962-01-01,1975-12-31
cl143c66m2nwctnd7h9br,-32.30579999042675,-71.07919999631122,CR2,METEOROLOGICA,nodata,nodata,1972-01-01,2017-12-31
cl143c66m24ydg1mmxxcs,-32.307500008028,-71.24250000575557,CR2,METEOROLOGICA,nodata,nodata,1903-01-01,2017-12-31
cl143c66m24kwm2ts2pba,-32.318100014235824,-71.2597000063397,CR2,METEOROLOGICA,nodata,nodata,1975-01-01,1978-12-31
cl143c66m8n6d04g1tusy,-32.33000001171604,-70.73809999739751,CR2,METEOROLOGICA,nodata,nodata,2003-01-01,2018-12-31
cl143c66m8jbx3hmbt27e,-32.340800010133535,-70.7528000115417,CR2,METEOROLOGICA,nodata,nodata,1962-01-01,2017-12-31
cl143c66jrwprd6tqkw8o,-32.39140000892803,-71.09309999970719,CR2,METEOROLOGICA,nodata,nodata,1972-01-01,2017-12-31
cl143c66jpxz4r9bnw48a,-32.39189998945221,-71.37499999953434,CR2,METEOROLOGICA,nodata,nodata,1979-01-01,2017-12-31
cl143c66jxxd7gcyzw79a,-32.418599997181445,-70.68080000812188,CR2,METEOROLOGICA,nodata,nodata,1903-01-01,2017-12-31
cl143c66jxd30030gg45a,-32.42609999841079,-70.91669999761507,CR2,METEOROLOGICA,nodata,nodata,1979-01-01,2017-12-31
cl143c66jrwbzkb0bpy8a,-32.426700016949326,-71.06060000834987,CR2,METEOROLOGICA,nodata,nodata,1979-01-01,2017-12-31
cl143c66jr7wuzeesjhdo,-32.4371999851428,-71.2067000172101,CR2,METEOROLOGICA,nodata,nodata,1976-01-01,2017-12-31
cl143c66jr7jw82tdy89s,-32.44530000491068,-71.22640000423416,CR2,METEOROLOGICA,nodata,nodata,1971-01-01,1975-12-31
cl143c66jx1yhvwvjzubs,-32.48559998581186,-70.93189999228343,CR2,METEOROLOGICA,nodata,nodata,1979-01-01,2017-12-31
cl143c66jz1gy00mvy0ks,-32.498900012578815,-70.57889999588951,CR2,METEOROLOGICA,nodata,nodata,1940-01-01,2017-12-31
cl143c66jz1ghrv5vrdzs,-32.50169998733327,-70.58109999401495,CR2,METEOROLOGICA,nodata,nodata,2001-01-01,2018-12-31
cl143c66jqvmmpuc74ncs,-32.533300013747066,-71.12940001068637,CR2,METEOROLOGICA,nodata,nodata,1903-01-01,2017-12-31
cl143c66jwxpmu49g439o,-32.56690000416711,-70.70000001462176,CR2,METEOROLOGICA,nodata,nodata,1990-01-01,2017-12-31
cl143c66jwe7f6rqc22go,-32.586399998981506,-70.86939999600872,CR2,METEOROLOGICA,nodata,nodata,1979-01-01,2017-12-31
cl143c66jnwdbdmj7ptjr,-32.59189999429509,-71.43219999270514,CR2,METEOROLOGICA,nodata,nodata,1903-01-01,2017-12-31
cl143c66jq5zsmgsurk7e,-32.65309999929741,-71.19639999931678,CR2,METEOROLOGICA,nodata,nodata,1989-01-01,2017-12-31
cl143c66jy16nshz27y5l,-32.683599984738976,-70.60000001220033,CR2,METEOROLOGICA,nodata,nodata,1989-01-01,2017-12-31
cl143c66jtcbgk33dcu5u,-32.73440001765266,-70.9341999865137,CR2,METEOROLOGICA,nodata,nodata,1903-01-01,2017-12-31
cl143c66jtwwecep3rh9e,-32.7471999800764,-70.72470001643524,CR2,METEOROLOGICA,nodata,nodata,1962-01-01,2017-12-31
cl143c66jtwkep7rmd9ue,-32.75720000965521,-70.73670001002029,CR2,METEOROLOGICA,nodata,nodata,1999-01-01,2018-12-31
cl143c66jjqyh7kmbhnye,-32.79360001673922,-71.41609999118373,CR2,METEOROLOGICA,nodata,nodata,2009-01-01,2017-12-31
cl143c66jm66f0y4sb67s,-32.81190001638606,-71.26529999775812,CR2,METEOROLOGICA,nodata,nodata,1963-01-01,2017-12-31
cl143c66jv1qydkv26y8s,-32.83360000932589,-70.60000001220033,CR2,METEOROLOGICA,nodata,nodata,1971-01-01,2017-12-31
cl143c66jvpndk12334ta,-32.83470000838861,-70.35329998238012,CR2,METEOROLOGICA,nodata,nodata,2014-01-01,2018-12-31
cl143c66jmpv8ers65grl,-32.84029999980703,-71.02559998864308,CR2,METEOROLOGICA,nodata,nodata,2002-01-01,2018-12-31
cl143c66jv5eb95uhxwwo,-32.85029998747632,-70.50940002081916,CR2,METEOROLOGICA,nodata,nodata,1999-01-01,2018-12-31
cl143c66jmjewrku31bdo,-32.850600017700344,-71.11670000245795,CR2,METEOROLOGICA,nodata,nodata,1965-01-01,2017-12-31
cl143c66jvh3gyvsnep6a,-32.860300017055124,-70.47190001467243,CR2,METEOROLOGICA,nodata,nodata,1964-01-01,2017-12-31
cl143c66nj539d49zzdml,-32.86250001518056,-70.16750001115724,CR2,METEOROLOGICA,nodata,nodata,2014-01-01,2018-12-31
cl143c66jkgee016kj27a,-32.89580001728609,-71.20920000365004,CR2,METEOROLOGICA,nodata,nodata,1977-01-01,2017-12-31
cl143c66nhb1w2x6s26uo,-32.906700011808425,-70.30359999043867,CR2,METEOROLOGICA,nodata,nodata,2014-01-01,2018-12-31
cl143c66judzf05fk18sn,-32.916400011163205,-70.54029999068007,CR2,METEOROLOGICA,nodata,nodata,2017-01-01,2017-12-31
cl143c66juxn8ff9q008s,-32.922800013329834,-70.35529998829588,CR2,METEOROLOGICA,nodata,nodata,1929-01-01,2017-12-31
cl143c66jsssbjc8vh8bs,-32.93189999414608,-70.81779999425635,CR2,METEOROLOGICA,nodata,nodata,1990-01-01,2017-12-31
cl143c66jssf0kekc2wgs,-32.94719998491928,-70.80640001920983,CR2,METEOROLOGICA,nodata,nodata,1985-01-01,2017-12-31
cl143c66jstfnfcsu4bms,-32.947500015143305,-70.75359998038039,CR2,METEOROLOGICA,nodata,nodata,1957-01-01,2017-12-31
cl143c66jk880nvhb1n9s,-32.957799991127104,-71.34499999461696,CR2,METEOROLOGICA,nodata,nodata,1974-01-01,2017-12-31
cl143c66jh7bjmcpcy2bs,-33.001899991650134,-71.54670001706108,CR2,METEOROLOGICA,nodata,nodata,2013-01-01,2018-12-31
cl143c66js0x860nnsx4u,-33.00529998494312,-70.99329998949543,CR2,METEOROLOGICA,nodata,nodata,1957-01-01,2016-12-31
cl143c66js4mn2198qyee,-33.01939998054877,-70.908099997323,CR2,METEOROLOGICA,nodata,nodata,1943-01-01,2016-12-31
cl143c66j5gp6sh1wc48o,-33.0502999923192,-71.58330001635477,CR2,METEOROLOGICA,nodata,nodata,1971-01-01,2018-12-31
cl143c66j7yp6d3ct7who,-33.050599980633706,-71.099999982398,CR2,METEOROLOGICA,nodata,nodata,1990-01-01,2017-12-31
cl143c66jevdezkpgpwea,-33.075800004880875,-70.76859998283908,CR2,METEOROLOGICA,nodata,nodata,1994-01-01,2017-12-31
cl143c66j5f3d5vqbgexe,-33.081900018732995,-71.61690000677481,CR2,METEOROLOGICA,nodata,nodata,2014-01-01,2018-12-31
cl143c66jeubgy2v4h3fe,-33.08560000034049,-70.80169999273494,CR2,METEOROLOGICA,nodata,nodata,1988-01-01,2017-12-31
cl143c66jecbxyy6z1d6l,-33.08689999161288,-70.92779998434708,CR2,METEOROLOGICA,nodata,nodata,1943-01-01,1972-12-31
cl143c66j7eqx68jy87he,-33.09859999688342,-71.21440001064911,CR2,METEOROLOGICA,nodata,nodata,1978-01-01,2017-12-31
cl143c66j57wph2sjjscs,-33.14499999163672,-71.55530001735315,CR2,METEOROLOGICA,nodata,nodata,1974-01-01,2017-12-31
cl143c66j72s3yb30tkbs,-33.15420001046732,-71.34279999649152,CR2,METEOROLOGICA,nodata,nodata,1991-01-01,2017-12-31
cl143c66j7m1bdcsz6h8y,-33.16859999438748,-71.14670000737533,CR2,METEOROLOGICA,nodata,nodata,1950-01-01,2017-12-31
cl143c66n5hw9b736w2es,-33.18689999403432,-70.11219998588786,CR2,METEOROLOGICA,nodata,nodata,2014-01-01,2018-12-31
cl143c66n50bhr66jvyzl,-33.22139999130741,-70.27359998552129,CR2,METEOROLOGICA,nodata,nodata,2011-01-01,2018-12-31
cl143c66j69ez1mypk26e,-33.28970001311973,-71.29139998694882,CR2,METEOROLOGICA,nodata,nodata,1989-01-01,2017-12-31
cl143c66jfwbr7q6vm8za,-33.30859998939559,-70.35719999810681,CR2,METEOROLOGICA,nodata,nodata,2011-01-01,2018-12-31
cl143c66jfktr2mcuhdva,-33.32559999777004,-70.45610000146553,CR2,METEOROLOGICA,nodata,nodata,2013-01-01,2018-12-31
cl143c66j4quye6pv1j9a,-33.327799995895475,-71.41309998231009,CR2,METEOROLOGICA,nodata,nodata,1986-01-01,2017-12-31
cl143c66jf7hdekdb1v8a,-33.3291999832727,-70.52859998540953,CR2,METEOROLOGICA,nodata,nodata,1991-01-01,2007-12-31
cl143c66jfqf6u3291fzo,-33.34140001097694,-70.36360000027344,CR2,METEOROLOGICA,nodata,nodata,2009-01-01,2018-12-31
cl143c66jfqf6u3291fwa,-33.34140001097694,-70.36360000027344,CR2,METEOROLOGICA,nodata,nodata,1987-01-01,2011-12-31
cl143c66jfhv57cmhn9vs,-33.37030001683161,-70.45079999836162,CR2,METEOROLOGICA,nodata,nodata,1999-01-01,2017-12-31
cl143c66jfnhe47vzr4zo,-33.37329998379573,-70.39609999163076,CR2,METEOROLOGICA,nodata,nodata,2009-01-01,2018-12-31
cl143c66jf4bsspbb37bn,-33.39500001864508,-70.53670000517741,CR2,METEOROLOGICA,nodata,nodata,1975-01-01,2018-12-31
cl143c66jcfcwrv677een,-33.432800013106316,-70.53440001094714,CR2,METEOROLOGICA,nodata,nodata,1980-01-01,2008-12-31
cl143c66jcg3tnh43w4xs,-33.433100001420826,-70.51420000148937,CR2,METEOROLOGICA,nodata,nodata,2007-01-01,2017-12-31
cl143c66j3zb8wp94j7ds,-33.43859999673441,-71.02559998864308,CR2,METEOROLOGICA,nodata,nodata,1980-01-01,2017-12-31
cl143c66j1f0th61jrc8o,-33.43889998504892,-71.62389998557046,CR2,METEOROLOGICA,nodata,nodata,2012-01-01,2016-12-31
cl143c66j1y0e32k51h9s,-33.43940000748262,-71.45059998845682,CR2,METEOROLOGICA,nodata,nodata,1986-01-01,2017-12-31
cl143c66jc8qy7f1j3jxa,-33.4485999844037,-70.64440000103787,CR2,METEOROLOGICA,nodata,nodata,1960-01-01,2018-12-31
cl143c66j39cnwtgx6rdo,-33.4796999883838,-71.28110001096502,CR2,METEOROLOGICA,nodata,nodata,1988-01-01,2017-12-31
cl143c66n1kp8p2mtgzzo,-33.48780000815168,-70.13669999549165,CR2,METEOROLOGICA,nodata,nodata,2014-01-01,2018-12-31
cl143c66n1kp3fdew07zs,-33.490000006277114,-70.13420000905171,CR2,METEOROLOGICA,nodata,nodata,2013-01-01,2018-12-31
cl143c66j9kw0z563hrxu,-33.496100020129234,-70.81669999519363,CR2,METEOROLOGICA,nodata,nodata,2001-01-01,2017-12-31
cl143c66jc7q5t2f3nu8n,-33.49640000844374,-70.5163999996148,CR2,METEOROLOGICA,nodata,nodata,1979-01-01,2017-12-31
cl143c66jc3juqcvkjjq.,-33.49750000750646,-70.61420000391081,CR2,METEOROLOGICA,nodata,nodata,1977-01-01,1983-12-31
cl143c66jc7mhyrqkrnhl,-33.501700011547655,-70.51439999369904,CR2,METEOROLOGICA,nodata,nodata,2003-01-01,2018-12-31
cl143c66n11pugptzjrha,-33.5310999979265,-70.26169998804107,CR2,METEOROLOGICA,nodata,nodata,1988-01-01,2017-12-31
cl143c66j9hs2g76c0zfs,-33.55030000442639,-70.81669999519363,CR2,METEOROLOGICA,nodata,nodata,1989-01-01,2017-12-31
cl143c66j3jby47f2gq9o,-33.56970000313595,-71.10609999625012,CR2,METEOROLOGICA,nodata,nodata,1992-01-01,2017-12-31
cl143c66j0fpum0w314r),-33.57470001792535,-71.62499998463318,CR2,METEOROLOGICA,nodata,nodata,1971-01-01,2017-12-31
cl143c66jbuhf5vmnvzms,-33.59139999607578,-70.4852999956347,CR2,METEOROLOGICA,nodata,nodata,1995-01-01,2017-12-31
cl143c66jbykrmmg0uuqo,-33.59389998251572,-70.37919997936115,CR2,METEOROLOGICA,nodata,nodata,2010-01-01,2018-12-31
cl143c66j8f9s1q3b4p6r,-33.60969999572262,-70.90000001946464,CR2,METEOROLOGICA,nodata,nodata,1971-01-01,1979-12-31
cl143c66j0stp96jruuja,-33.63439999753609,-71.51059999829158,CR2,METEOROLOGICA,nodata,nodata,1932-01-01,2017-12-31
cl143c66jbxhdrtbqryqn,-33.636100015137345,-70.35309999017045,CR2,METEOROLOGICA,nodata,nodata,1971-01-01,2017-12-31
cl143c66j288ju4u0r9s8,-33.661399993579835,-71.3372000050731,CR2,METEOROLOGICA,nodata,nodata,1989-01-01,2018-12-31
cl143c66n0kxm49b52sca,-33.6657999898307,-70.10779998963699,CR2,METEOROLOGICA,nodata,nodata,2000-01-01,2018-12-31
cl143c66j83z5un6cyz8e,-33.66689998889342,-70.93329997966066,CR2,METEOROLOGICA,nodata,nodata,1971-01-01,1972-12-31
cl143c66jb3vbjn1bxb5e,-33.67359997937456,-70.58690001955256,CR2,METEOROLOGICA,nodata,nodata,1967-01-01,2017-12-31
cl143c66n0mj7510pgwfe,-33.676699984353036,-70.0885999831371,CR2,METEOROLOGICA,nodata,nodata,1962-01-01,2017-12-31
cl143c66j27u9yn9p8x8a,-33.68030001176521,-71.19969999650493,CR2,METEOROLOGICA,nodata,nodata,1971-01-01,2017-12-31
cl143c66j861g58rdgd8l,-33.695799994748086,-70.92359998030588,CR2,METEOROLOGICA,nodata,nodata,1988-01-01,2017-12-31
cl143c66jbpxbhnreq9bo,-33.70669998927042,-70.33420001389459,CR2,METEOROLOGICA,nodata,nodata,1962-01-01,1973-12-31
cl143c66j05tp5xwhz5oo,-33.72189998393878,-71.55499998712912,CR2,METEOROLOGICA,nodata,nodata,2009-01-01,2018-12-31
cl143c66n006b90shhhro,-33.73469998827204,-70.30080001568422,CR2,METEOROLOGICA,nodata,nodata,2010-01-01,2017-12-31
cl143c63vruyjpkpyc4ks,-33.75970002030954,-71.1513999919407,CR2,METEOROLOGICA,nodata,nodata,1930-01-01,2017-12-31
cl143c63ypcdj4xme3cbl,-33.782500012312084,-70.23940001847222,CR2,METEOROLOGICA,nodata,nodata,1977-01-01,2017-12-31
cl143c63vxen5gpghgqxe,-33.80439999746159,-70.8782999846153,CR2,METEOROLOGICA,nodata,nodata,1988-01-01,2015-12-31
cl143c63ypttbtfem4eza,-33.80530000431463,-70.06999999517575,CR2,METEOROLOGICA,nodata,nodata,2011-01-01,2018-12-31
cl143c63ypdmgkn53v0rs,-33.80559999262914,-70.20889999112114,CR2,METEOROLOGICA,nodata,nodata,2014-01-01,2018-12-31
cl143c63vxehbhh6hurze,-33.811099987942725,-70.88359998771921,CR2,METEOROLOGICA,nodata,nodata,2015-01-01,2017-12-31
cl143c63ypd5vmhwhud9s,-33.81639999104664,-70.2172000030987,CR2,METEOROLOGICA,nodata,nodata,1970-01-01,1979-12-31
cl143c63vx6kp5v7xhxss,-33.85920000029728,-70.90690000215545,CR2,METEOROLOGICA,nodata,nodata,2014-01-01,2014-12-31
cl143c63vp378d2srsuos,-33.86220000917092,-71.66310000931844,CR2,METEOROLOGICA,nodata,nodata,1990-01-01,2017-12-31
cl143c63vx5pk8ft13qdo,-33.885800011921674,-70.8775000157766,CR2,METEOROLOGICA,nodata,nodata,1988-01-01,2017-12-31
cl143c63vr4yk5c0cr7bs,-33.89079998480156,-71.24079998815432,CR2,METEOROLOGICA,nodata,nodata,1989-01-01,2017-12-31
cl143c63yp4sg39tyf6bs,-33.89939998509362,-70.19809999270365,CR2,METEOROLOGICA,nodata,nodata,1962-01-01,2004-12-31
cl143c63uyzsm5mupp94l,-33.945799979846925,-71.73359998734668,CR2,METEOROLOGICA,nodata,nodata,1940-01-01,2017-12-31
cl143c63vqqhneu2jhgbe,-34.03499998385087,-71.09439999097958,CR2,METEOROLOGICA,nodata,nodata,1979-01-01,2017-12-31
cl143c63vwqbrgc0n0u7s,-34.055600019637495,-70.7082999846898,CR2,METEOROLOGICA,nodata,nodata,1979-01-01,1998-12-31
cl143c63vqh5643kkkpea,-34.08329998841509,-71.18860000977293,CR2,METEOROLOGICA,nodata,nodata,1984-01-01,2017-12-31
cl143c63vmyj4xcfjmq5a,-34.11669998662546,-71.099999982398,CR2,METEOROLOGICA,nodata,nodata,1976-01-01,1987-12-31
cl143c63uvzudc5ephu7e,-34.12060000235215,-71.72579999780282,CR2,METEOROLOGICA,nodata,nodata,1979-01-01,2017-12-31
cl143c63vtwe394v3gh7a,-34.17139999335632,-70.7277999795042,CR2,METEOROLOGICA,nodata,nodata,1971-01-01,1978-12-31
cl143c63vtebvq87r0hzl,-34.184199997689575,-70.84359999513254,CR2,METEOROLOGICA,nodata,nodata,2016-01-01,2018-12-31
cl143c63vtqpbb4ugvdt),-34.19079999206588,-70.75080000562593,CR2,METEOROLOGICA,nodata,nodata,1903-01-01,2018-12-31
cl143c63vm6j6p7db046n,-34.203300008084625,-71.27639998449013,CR2,METEOROLOGICA,nodata,nodata,1978-01-01,2017-12-31
cl143c63vv4wdxgc7y8ws,-34.240299991797656,-70.55060000857338,CR2,METEOROLOGICA,nodata,nodata,2005-01-01,2018-12-31
cl143c63vvptsds2rv1ml,-34.246699993964285,-70.32810000004247,CR2,METEOROLOGICA,nodata,nodata,2001-01-01,2018-12-31
cl143c63vv157wbnpbq5l,-34.25830000312999,-70.61530000297353,CR2,METEOROLOGICA,nodata,nodata,1979-01-01,1999-12-31
cl143c63vjpbu8wz54zz),-34.27310001337901,-71.37170000234619,CR2,METEOROLOGICA,nodata,nodata,2002-01-01,2018-12-31
cl143c63vhzn5ys68mj9a,-34.287200008984655,-71.40580001519993,CR2,METEOROLOGICA,nodata,nodata,1974-01-01,2017-12-31
cl143c63vkyw1hgfwx87o,-34.287499997299165,-71.08000000705943,CR2,METEOROLOGICA,nodata,nodata,1978-01-01,2017-12-31
cl143c63vuwe3mxnbxqzl,-34.346400008071214,-70.3764000046067,CR2,METEOROLOGICA,nodata,nodata,1999-01-01,2018-12-31
cl143c63yh80mn0vc18zl,-34.36279999790713,-70.30559999635443,CR2,METEOROLOGICA,nodata,nodata,2014-01-01,2018-12-31
cl143c63uu3kxbrg7bt8u,-34.384399994742125,-72.00440000044182,CR2,METEOROLOGICA,nodata,nodata,1980-01-01,2018-12-31
cl143c63yh6268h3jw1eo,-34.40780000528321,-70.20999999018386,CR2,METEOROLOGICA,nodata,nodata,2015-01-01,2018-12-31
cl143c63vs5msrn4n924o,-34.42170000867918,-70.86670001735911,CR2,METEOROLOGICA,nodata,nodata,1970-01-01,2017-12-31
cl143c63vsj6un82w1u5a,-34.436900003347546,-70.77939998125657,CR2,METEOROLOGICA,nodata,nodata,1970-01-01,2017-12-31
cl143c63vkp0q8318sr8a,-34.451700013596565,-71.05060002068058,CR2,METEOROLOGICA,nodata,nodata,1958-01-01,2003-12-31
cl143c63vez0gu37ghxzs,-34.49219998670742,-70.70279998937622,CR2,METEOROLOGICA,nodata,nodata,2013-01-01,2018-12-31
cl143c63veybyurecutjs,-34.49219998670742,-70.70939998375252,CR2,METEOROLOGICA,nodata,nodata,1970-01-01,2005-12-31
cl143c63v7ed8v5kx197e,-34.526399995666,-71.21220001252368,CR2,METEOROLOGICA,nodata,nodata,1972-01-01,2017-12-31
cl143c63vg7s2muvjn8ms,-34.560600004624575,-70.50970000913367,CR2,METEOROLOGICA,nodata,nodata,2013-01-01,2018-12-31
cl143c63ugqcynemcz3ga,-34.57420001970604,-71.76530000986531,CR2,METEOROLOGICA,nodata,nodata,1969-01-01,2017-12-31
cl143c63ve1jd4rc2mkco,-34.59830000298098,-70.96859998768196,CR2,METEOROLOGICA,nodata,nodata,1971-01-01,2018-12-31
cl143c63v706htbqpuj7e,-34.61689999094233,-71.35000000940636,CR2,METEOROLOGICA,nodata,nodata,1979-01-01,1988-12-31
cl143c63vdejrpq6myfoe,-34.68669999623671,-70.87389998836443,CR2,METEOROLOGICA,nodata,nodata,2016-01-01,2018-12-31
cl143c63vdkr9t6rbeyzs,-34.71860001096502,-70.82669998286292,CR2,METEOROLOGICA,nodata,nodata,1999-01-01,2018-12-31
cl143c63vdq52090xt78a,-34.74279999034479,-70.75190000468865,CR2,METEOROLOGICA,nodata,nodata,1929-01-01,2017-12-31
cl143c63uf0ngbeu321fa,-34.767499992158264,-72.0649999869056,CR2,METEOROLOGICA,nodata,nodata,2014-01-01,2018-12-31
cl143c63v6jq6mwdh61eo,-34.76940000196919,-71.13309999229386,CR2,METEOROLOGICA,nodata,nodata,1971-01-01,2018-12-31
cl143c63v4numg0sbyqda,-34.78080001892522,-71.4141999813728,CR2,METEOROLOGICA,nodata,nodata,1974-01-01,2017-12-31
cl143c63v1fpc6ttvh8co,-34.80560001684353,-71.62890000035986,CR2,METEOROLOGICA,nodata,nodata,1981-01-01,2017-12-31
cl143c63ucxkf60ryhp7i,-34.866100007202476,-71.74859998980537,CR2,METEOROLOGICA,nodata,nodata,1981-01-01,2017-12-31
cl143c63v3rs9dme370ca,-34.91140000289306,-71.03529998799786,CR2,METEOROLOGICA,nodata,nodata,1981-01-01,2017-12-31
cl143c63v15j2cqdgcf7a,-34.95139999547973,-71.58560001058504,CR2,METEOROLOGICA,nodata,nodata,1981-01-01,2017-12-31
cl143c63v945php2rxe9o,-34.963299992959946,-70.91779999667779,CR2,METEOROLOGICA,nodata,nodata,1959-01-01,2017-12-31
cl143c63v2fzzkqd3fm5o,-34.98110001208261,-71.23610000358894,CR2,METEOROLOGICA,nodata,nodata,1971-01-01,2018-12-31
cl143c63ubcr7cj7hm0sn,-34.98440000927076,-72.00999999186024,CR2,METEOROLOGICA,nodata,nodata,2001-01-01,2018-12-31
cl143c63v8umnhbqj5vzo,-34.9961000145413,-70.82060001092032,CR2,METEOROLOGICA,nodata,nodata,1999-01-01,2018-12-31
cl143c63v8usk3e1ur78s,-35.000799999106675,-70.81190001452342,CR2,METEOROLOGICA,nodata,nodata,1918-01-01,2017-12-31
cl143c63v29szb2s7yb5e,-35.042199979070574,-71.29060001811013,CR2,METEOROLOGICA,nodata,nodata,1969-01-01,2018-12-31
cl143c63v066u3eptud9t,-35.09689998580143,-71.61389999790117,CR2,METEOROLOGICA,nodata,nodata,1992-01-01,2017-12-31
cl143c63v80vvf9wecsco,-35.124200012069196,-70.97470000153407,CR2,METEOROLOGICA,nodata,nodata,1994-01-01,2017-12-31
cl143c63try5h4mjtbkee,-35.18330001505092,-71.09779998427257,CR2,METEOROLOGICA,nodata,nodata,1967-01-01,2018-12-31
cl143c63sxehsyt11123u,-35.21829999284819,-72.28329999139532,CR2,METEOROLOGICA,nodata,nodata,1992-01-01,2017-12-31
cl143c63szd01c2kvgk7o,-35.2439000015147,-71.97999998694286,CR2,METEOROLOGICA,nodata,nodata,1961-01-01,2018-12-31
cl143c63tr2vx82ttqx8o,-35.25780000491068,-71.32390002021566,CR2,METEOROLOGICA,nodata,nodata,1964-01-01,2017-12-31
cl143c63tx242p8x4xuyo,-35.27439998695627,-71.01560000097379,CR2,METEOROLOGICA,nodata,nodata,2001-01-01,2018-12-31
cl143c63tphkwm664069l,-35.30639999778941,-71.52330000652,CR2,METEOROLOGICA,nodata,nodata,1992-01-01,2017-12-31
cl143c63trn57y391138a,-35.31309998827055,-71.09830000670627,CR2,METEOROLOGICA,nodata,nodata,1992-01-01,2017-12-31
cl143c63sx033mw7fg5cn,-35.32420001691207,-72.40890000248328,CR2,METEOROLOGICA,nodata,nodata,1992-01-01,2018-12-31
cl143c63syv2thm2jfe7e,-35.37249997956678,-71.8324999907054,CR2,METEOROLOGICA,nodata,nodata,1976-01-01,2018-12-31
cl143c63sywe8bxcu53el,-35.40060001658276,-71.78329997928813,CR2,METEOROLOGICA,nodata,nodata,1966-01-01,1986-12-31
cl143c63swsf7ebemndjl,-35.406899980735034,-72.20829997910187,CR2,METEOROLOGICA,nodata,nodata,2001-01-01,2018-12-31
cl143c63tqx25vzy3psel,-35.4189000162296,-71.04310001945123,CR2,METEOROLOGICA,nodata,nodata,1992-01-01,2017-12-31
cl143c63tn92474crc14a,-35.41939999675378,-71.66059998096898,CR2,METEOROLOGICA,nodata,nodata,1964-01-01,2016-12-31
cl143c63tn6m05s01539.,-35.4357999865897,-71.61969998152927,CR2,METEOROLOGICA,nodata,nodata,1982-01-01,2018-12-31
cl143c63syrdj6hyyxzmn,-35.45250000664964,-71.73329999903217,CR2,METEOROLOGICA,nodata,nodata,1999-01-01,2018-12-31
cl143c63tq5w25cyfcd8s,-35.47280001221225,-71.2133000115864,CR2,METEOROLOGICA,nodata,nodata,1969-01-01,1976-12-31
cl143c63tq1evuwreds4i,-35.486399985384196,-71.29310000455007,CR2,METEOROLOGICA,nodata,nodata,1969-01-01,2017-12-31
cl143c63tq14g95nmnt9o,-35.492499999236315,-71.31829998688772,CR2,METEOROLOGICA,nodata,nodata,1992-01-01,2017-12-31
cl143c63stzd2dusu5b7o,-35.53889999398962,-72.09140000632033,CR2,METEOROLOGICA,nodata,nodata,1956-01-01,2017-12-31
cl143c63tmw2kp5jm80co,-35.59310002019629,-71.08689998975024,CR2,METEOROLOGICA,nodata,nodata,1992-01-01,2017-12-31
cl143c63tj92hu45p429r,-35.5949999880977,-71.657199987676,CR2,METEOROLOGICA,nodata,nodata,1970-01-01,2017-12-31
cl143c63svquhk909etvs,-35.616900015156716,-71.76779999630526,CR2,METEOROLOGICA,nodata,nodata,2000-01-01,2018-12-31
cl143c63tjr4y9bpuc9j),-35.62419998226687,-71.40219998778775,CR2,METEOROLOGICA,nodata,nodata,1959-01-01,2017-12-31
cl143c63tm62m958tku7o,-35.63809998566285,-71.26060001319274,CR2,METEOROLOGICA,nodata,nodata,1963-01-01,2017-12-31
cl143c63sv4u43q35wcge,-35.66140000009909,-71.9461000082083,CR2,METEOROLOGICA,nodata,nodata,1992-01-01,2017-12-31
cl143c63tkyv1wuddwtqs,-35.69890000624582,-71.06830000178888,CR2,METEOROLOGICA,nodata,nodata,2014-01-01,2018-12-31
cl143c63tkysg4j0w758o,-35.701100004371256,-71.07719999039546,CR2,METEOROLOGICA,nodata,nodata,1916-01-01,2018-12-31
cl143c63tkc5fzy1wpd9o,-35.70559999672696,-71.31919999374077,CR2,METEOROLOGICA,nodata,nodata,1961-01-01,1985-12-31
cl143c63tkvgbkyh8bgpo,-35.70610001916066,-71.11389998579398,CR2,METEOROLOGICA,nodata,nodata,2000-01-01,2018-12-31
cl143c63tstqj4mxr1tza,-35.738099988084286,-70.77780000166968,CR2,METEOROLOGICA,nodata,nodata,2014-01-01,2018-12-31
cl143c63ssmmgpg6d11ba,-35.78250001883134,-72.18690001638606,CR2,METEOROLOGICA,nodata,nodata,1992-01-01,2017-12-31
cl143c63suqvmmc8tt46l,-35.785599981900305,-71.76640000892803,CR2,METEOROLOGICA,nodata,nodata,1950-01-01,2017-12-31
cl143c63tsjz1xnebqtps,-35.819699994754046,-70.76060000108555,CR2,METEOROLOGICA,nodata,nodata,2014-01-01,2018-12-31
cl143c63th4gcgutfyr6s,-35.838099990505725,-71.59530000993982,CR2,METEOROLOGICA,nodata,nodata,1967-01-01,2017-12-31
cl143c63th45tbggc82q),-35.84000000031665,-71.62279998650774,CR2,METEOROLOGICA,nodata,nodata,1979-01-01,1983-12-31
cl143c63tkncdy9gespua,-35.84999998798594,-71.06669998029247,CR2,METEOROLOGICA,nodata,nodata,1965-01-01,2003-12-31
cl143c63t7vww43jk4n7o,-35.867199988570064,-71.11719998298213,CR2,METEOROLOGICA,nodata,nodata,1961-01-01,2017-12-31
cl143c63t7zgmrksq31po,-35.88419999694452,-71.01919998647645,CR2,METEOROLOGICA,nodata,nodata,2003-01-01,2018-12-31
cl143c63sec15nsfh7wfe,-35.896700012963265,-72.37359999446198,CR2,METEOROLOGICA,nodata,nodata,1975-01-01,2017-12-31
cl143c63t79x431zg37oo,-35.90860001044348,-71.29810001933947,CR2,METEOROLOGICA,nodata,nodata,1999-01-01,2018-12-31
cl143c63t79wevx6yqude,-35.91060001635924,-71.29579998319969,CR2,METEOROLOGICA,nodata,nodata,1957-01-01,2017-12-31
cl143c63t52zchvh6k75y,-35.947799992281944,-71.68419998371974,CR2,METEOROLOGICA,nodata,nodata,1975-01-01,2017-12-31
cl143c63tg65gj79cmd9e,-35.96970001934096,-70.57190001709387,CR2,METEOROLOGICA,nodata,nodata,2000-01-01,2015-12-31
cl143c63sg795psm9hzto,-35.98439999157563,-71.91219998756424,CR2,METEOROLOGICA,nodata,nodata,1994-01-01,2017-12-31
cl143c63tg4kkx43wgdcs,-36.01060001878068,-70.55890002055094,CR2,METEOROLOGICA,nodata,nodata,2014-01-01,2018-12-31
cl143c63sdzefpxfsry5a,-36.05720000574365,-72.0892000081949,CR2,METEOROLOGICA,nodata,nodata,1961-01-01,2018-12-31
cl143c63t4z2wg1z3nx9o,-36.075799993705004,-71.39080001274124,CR2,METEOROLOGICA,nodata,nodata,1992-01-01,2017-12-31
cl143c63t4d3g5ew4hyki,-36.11280001932755,-71.61560001550242,CR2,METEOROLOGICA,nodata,nodata,1992-01-01,2018-12-31
cl143c63sd81b7en4hv7o,-36.11280001932755,-72.42140001850203,CR2,METEOROLOGICA,nodata,nodata,1994-01-01,2017-12-31
cl143c63sfjs0nz31se5l,-36.18779998971149,-71.8282999866642,CR2,METEOROLOGICA,nodata,nodata,1964-01-01,2018-12-31
cl143c63t1vuqxjw9d0va,-36.230300010647625,-71.45689999451861,CR2,METEOROLOGICA,nodata,nodata,2001-01-01,2018-12-31
cl143c63s9cg9d4dd848l,-36.23529998352751,-72.34280002070591,CR2,METEOROLOGICA,nodata,nodata,1992-01-01,2017-12-31
cl143c63t1ezu68mjbgde,-36.25579998129979,-71.54810000443831,CR2,METEOROLOGICA,nodata,nodata,1947-01-01,2018-12-31
cl143c63t1wftb898zyge,-36.28500001737848,-71.4141999813728,CR2,METEOROLOGICA,nodata,nodata,1930-01-01,2017-12-31
cl143c63t9d1p00qxbtbo,-36.29329998744652,-70.9180999849923,CR2,METEOROLOGICA,nodata,nodata,1960-01-01,1972-12-31
cl143c63t1x0616p821q),-36.2972000031732,-71.40830000163987,CR2,METEOROLOGICA,nodata,nodata,2011-01-01,2015-12-31
cl143c63sc2sqnd64ts9n,-36.31830001948401,-72.03999999677762,CR2,METEOROLOGICA,nodata,nodata,1992-01-01,2017-12-31
cl143c63t11t4qxyzj7un,-36.35810001986101,-71.64939999813214,CR2,METEOROLOGICA,nodata,nodata,1956-01-01,2017-12-31
cl143c63t141vx85ksvyl,-36.37580000096932,-71.62330000894144,CR2,METEOROLOGICA,nodata,nodata,2009-01-01,2018-12-31
cl143c63s8b9sjbnyy7ml,-36.421399984974414,-72.39439998054877,CR2,METEOROLOGICA,nodata,nodata,1993-01-01,2017-12-31
cl143c63s29c7uyt5k1mu,-36.46690001478419,-72.69109999062493,CR2,METEOROLOGICA,nodata,nodata,2009-01-01,2017-12-31
cl143c63s23zvvxz5jg6u,-36.47499999264255,-72.68830001587048,CR2,METEOROLOGICA,nodata,nodata,1961-01-01,2017-12-31
cl143c63s2py77fk3pj9o,-36.52750000124797,-72.42830000119284,CR2,METEOROLOGICA,nodata,nodata,2011-01-01,2017-12-31
cl143c63s0h7j4qnqk66o,-36.54560000868514,-72.93109998805448,CR2,METEOROLOGICA,nodata,nodata,1980-01-01,2017-12-31
cl143c63mpukjm1dwjt9n,-36.58359999535605,-71.52469999389723,CR2,METEOROLOGICA,nodata,nodata,1956-01-01,2017-12-31
cl143c63mpu7u9ktz54t2,-36.585600001271814,-71.52560000075027,CR2,METEOROLOGICA,nodata,nodata,2001-01-01,2018-12-31
cl143c63kxz3f0v0xtntn,-36.59669998800382,-72.1002999949269,CR2,METEOROLOGICA,nodata,nodata,2008-01-01,2018-12-31
cl143c63kxxq6rujpques,-36.61469999933615,-72.10000000661239,CR2,METEOROLOGICA,nodata,nodata,1964-01-01,1982-12-31
cl143c63kxweqgwnfkvdo,-36.63189999992028,-72.12670001434162,CR2,METEOROLOGICA,nodata,nodata,1977-01-01,2018-12-31
cl143c63kpw691985165l,-36.63639999227598,-72.8489000047557,CR2,METEOROLOGICA,nodata,nodata,1993-01-01,2017-12-31
cl143c63kpefp0nbcc8rm,-36.639400001149625,-72.95029999455437,CR2,METEOROLOGICA,nodata,nodata,2009-01-01,2018-12-31
cl143c63kzw1txu7gf6ge,-36.64079998852685,-71.79890000028536,CR2,METEOROLOGICA,nodata,nodata,1900-01-01,2017-12-31
cl143c63mprrgezgv2r6l,-36.651100006420165,-71.39500001678243,CR2,METEOROLOGICA,nodata,nodata,1900-01-01,2017-12-31
cl143c63krrpr0dkxgpba,-36.654400003608316,-72.45610000798479,CR2,METEOROLOGICA,nodata,nodata,1956-01-01,2017-12-31
cl143c63mr2ys9vv96w9a,-36.658300019335,-71.32779999403283,CR2,METEOROLOGICA,nodata,nodata,1959-01-01,1986-12-31
cl143c63mr3ecexnwv74n,-36.673099987674505,-71.29889998817816,CR2,METEOROLOGICA,nodata,nodata,1992-01-01,2017-12-31
cl143c63krhmt396hgehs,-36.70780001906678,-72.57939998293296,CR2,METEOROLOGICA,nodata,nodata,1993-01-01,2017-12-31
cl143c63kqzgws8v4p1bo,-36.76219999557361,-72.42390000494197,CR2,METEOROLOGICA,nodata,nodata,1954-01-01,2017-12-31
cl143c63kntq1s0suk8cs,-36.7924999888055,-72.89219999453053,CR2,METEOROLOGICA,nodata,nodata,1993-01-01,2017-12-31
cl143c63mn9kf0qqf9kv2,-36.79999999003485,-71.66080001508817,CR2,METEOROLOGICA,nodata,nodata,2009-01-01,2018-12-31
cl143c63kns4rk1ky8b7n,-36.813099982682616,-72.93920000782236,CR2,METEOROLOGICA,nodata,nodata,2000-01-01,2017-12-31
cl143c63kn91y6wmd91be,-36.81609999155626,-73.07219998212531,CR2,METEOROLOGICA,nodata,nodata,1989-01-01,1995-12-31
cl143c63knd1du2b2rrmp,-36.817199990618974,-73.03329998860136,CR2,METEOROLOGICA,nodata,nodata,2000-01-01,2006-12-31
cl143c63kys124759f78o,-36.818900008220226,-71.89440001035109,CR2,METEOROLOGICA,nodata,nodata,1992-01-01,2017-12-31
cl143c63knd3p44wd50zo,-36.82029999559745,-73.01640001824126,CR2,METEOROLOGICA,nodata,nodata,2009-01-01,2018-12-31
cl143c63kn2wdnqx1r5f.,-36.83329999214038,-73.09999998891726,CR2,METEOROLOGICA,nodata,nodata,1996-01-01,2018-12-31
cl143c63kn3mtzw74z2ua,-36.838599995244294,-73.06190000614151,CR2,METEOROLOGICA,nodata,nodata,2001-01-01,2018-12-31
cl143c63ky20d8upv9tga,-36.86720001278445,-72.06670000450686,CR2,METEOROLOGICA,nodata,nodata,1963-01-01,1968-12-31
cl143c63mn38r8bfb478n,-36.86860000016168,-71.64250001544133,CR2,METEOROLOGICA,nodata,nodata,1900-01-01,2017-12-31
cl143c63mnj2w7jbjmtbs,-36.910799990873784,-71.47920000599697,CR2,METEOROLOGICA,nodata,nodata,1961-01-01,2017-12-31
cl143c63mjgpk5brpwdeo,-36.91749998135492,-71.58140000654384,CR2,METEOROLOGICA,nodata,nodata,1930-01-01,2017-12-31
cl143c63mjgq05z8uqkz),-36.92440000595525,-71.57559998100623,CR2,METEOROLOGICA,nodata,nodata,2009-01-01,2018-12-31
cl143c63mjgq04p9h2ubo,-36.92469999426976,-71.57559998100623,CR2,METEOROLOGICA,nodata,nodata,1961-01-01,2011-12-31
cl143c63ktcsf21df51cz,-36.931900007184595,-72.3528000083752,CR2,METEOROLOGICA,nodata,nodata,1962-01-01,1972-12-31
cl143c63ktxk9uce6y75o,-36.97639999212697,-72.1008000173606,CR2,METEOROLOGICA,nodata,nodata,1971-01-01,2017-12-31
cl143c63kjs5t9q4q46ya,-36.98250000597909,-72.9414000059478,CR2,METEOROLOGICA,nodata,nodata,2009-01-01,2018-12-31
cl143c63kuyun66m9eb9s,-37.111400014255196,-71.76499997964129,CR2,METEOROLOGICA,nodata,nodata,1993-01-01,2017-12-31
cl143c63ku8hd3r80e37n,-37.152799994219095,-72.06689999671653,CR2,METEOROLOGICA,nodata,nodata,1956-01-01,2017-12-31
cl143c63ks61z0gzpf0z),-37.21189999720082,-72.32419999083504,CR2,METEOROLOGICA,nodata,nodata,2009-01-01,2018-12-31
cl143c637uj3fh0hdr0be,-37.25529998308048,-73.24309998890385,CR2,METEOROLOGICA,nodata,nodata,2001-01-01,2017-12-31
cl143c63k7cmcs9460r3a,-37.277200010139495,-72.71640001097694,CR2,METEOROLOGICA,nodata,nodata,1961-01-01,2017-12-31
cl143c63kgvtk0z2qww5n,-37.28060000343248,-71.82279999135062,CR2,METEOROLOGICA,nodata,nodata,1963-01-01,2017-12-31
cl143c63kgcuxpk91wbkl,-37.283600012306124,-71.98360001435503,CR2,METEOROLOGICA,nodata,nodata,2001-01-01,2015-12-31
cl143c63kgfdyjp1nf86l,-37.29359999997541,-71.9518999918364,CR2,METEOROLOGICA,nodata,nodata,1975-01-01,2017-12-31
cl143c63ke370d5xhg7bs,-37.38060000585392,-72.36609999323264,CR2,METEOROLOGICA,nodata,nodata,1964-01-01,2017-12-31
cl143c63kdfjkfqhfu3ws,-37.45609999867156,-72.32719999970868,CR2,METEOROLOGICA,nodata,nodata,2007-01-01,2017-12-31
cl143c637fg0meyq7yjxe,-37.483299986924976,-73.33689998136833,CR2,METEOROLOGICA,nodata,nodata,2012-01-01,2018-12-31
cl143c637fg216p9931be,-37.48500000452623,-73.33170001627877,CR2,METEOROLOGICA,nodata,nodata,1997-01-01,2017-12-31
cl143c637fep83sr8dsze,-37.48779997928068,-73.344199990388,CR2,METEOROLOGICA,nodata,nodata,2009-01-01,2018-12-31
cl143c63kd8kcvu74r0bs,-37.50220000511035,-72.40829998394474,CR2,METEOROLOGICA,nodata,nodata,1962-01-01,2018-12-31
cl143c63kfwgvgkr6h7po,-37.508099984843284,-71.76559999817982,CR2,METEOROLOGICA,nodata,nodata,1992-01-01,2017-12-31
cl143c63kd6p1qctfdb6o,-37.53359999740496,-72.33220001449808,CR2,METEOROLOGICA,nodata,nodata,1961-01-01,1997-12-31
cl143c63kd6t8hfdemcrs,-37.542199997697026,-72.31190000893548,CR2,METEOROLOGICA,nodata,nodata,2009-01-01,2018-12-31
cl143c63k6khjmektpqme,-37.550300017464906,-72.5903000193648,CR2,METEOROLOGICA,nodata,nodata,2009-01-01,2018-12-31
cl143c63kd4m9wzgh1eme,-37.585800017695874,-72.32060000533238,CR2,METEOROLOGICA,nodata,nodata,1955-01-01,1985-12-31
cl143c63kd57cxd0jhnkn,-37.595299982931465,-72.2768999892287,CR2,METEOROLOGICA,nodata,nodata,1985-01-01,2017-12-31
cl143c63kd56b919c32tl,-37.60190001921728,-72.27830001851544,CR2,METEOROLOGICA,nodata,nodata,2009-01-01,2017-12-31
cl143c63m1b1gf2n2059o,-37.651099988725036,-71.7136000120081,CR2,METEOROLOGICA,nodata,nodata,1992-01-01,2017-12-31
cl143c63kc97wuzqb486o,-37.685000009369105,-72.00579998781905,CR2,METEOROLOGICA,nodata,nodata,1900-01-01,2017-12-31
cl143c63kcwb5fjqkzdza,-37.704699996393174,-71.76830001873896,CR2,METEOROLOGICA,nodata,nodata,2013-01-01,2018-12-31
cl143c63kcmx5xuzdhjto,-37.70919998874888,-71.82360000209883,CR2,METEOROLOGICA,nodata,nodata,2013-01-01,2018-12-31
cl143c63kc7yfzbfwsdpe,-37.71060001803562,-71.90170001937076,CR2,METEOROLOGICA,nodata,nodata,2001-01-01,2018-12-31
cl143c63k9kn1zfn77r6n,-37.71469998406246,-72.24359998712316,CR2,METEOROLOGICA,nodata,nodata,1962-01-01,2017-12-31
cl143c63k3547pn96h9f),-37.77940002037212,-72.63719999464229,CR2,METEOROLOGICA,nodata,nodata,1975-01-01,2018-12-31
cl143c63kchdkmr92pjee,-37.77970000868663,-71.86640001134947,CR2,METEOROLOGICA,nodata,nodata,1943-01-01,2017-12-31
cl143c63m0brqkn835zra,-37.79639998683706,-71.69889999786392,CR2,METEOROLOGICA,nodata,nodata,2013-01-01,2018-12-31
cl143c637bczn0bqjvb4e,-37.798299996647984,-73.39139999588951,CR2,METEOROLOGICA,nodata,nodata,1961-01-01,2017-12-31
cl143c637bcum6tz30rzo,-37.813100006897,-73.39220000663772,CR2,METEOROLOGICA,nodata,nodata,2009-01-01,2018-12-31
cl143c63k2fg9fu6cwvh),-37.81720001483336,-72.64999999897555,CR2,METEOROLOGICA,nodata,nodata,1981-01-01,1996-12-31
cl143c63k0gdrxqcce0ha,-37.823299986775964,-72.960600012447685,CR2,METEOROLOGICA,nodata,nodata,2002-01-01,2017-12-31
cl143c63k8u95hz108g6n,-37.83059999579564,-72.2196999960579,CR2,METEOROLOGICA,nodata,nodata,1992-01-01,2017-12-31
cl143c63k88ehhsc7upul,-37.86360000958666,-72.3941999883391,CR2,METEOROLOGICA,nodata,nodata,2013-01-01,2017-12-31
cl143c63kb9bhvh21yrbo,-37.87999999942258,-71.98670001933351,CR2,METEOROLOGICA,nodata,nodata,1992-01-01,2017-12-31
cl143c63m06c1mcuw3yee,-37.91830001631752,-71.59610002068803,CR2,METEOROLOGICA,nodata,nodata,2007-01-01,2017-12-31
cl143c63k2pcvkchn2w9i,-37.95830000890419,-72.4255999806337,CR2,METEOROLOGICA,nodata,nodata,1962-01-01,2009-12-31
cl143c63k2p8txsdcp4si,-37.96470001107082,-72.4360999907367,CR2,METEOROLOGICA,nodata,nodata,2010-01-01,2018-12-31
cl143c63hzcdv4r8s9h7o,-37.997200002428144,-71.99719998752698,CR2,METEOROLOGICA,nodata,nodata,1955-01-01,1973-12-31
cl143c635ztwgt976347o,-38.018600007053465,-73.22999999625608,CR2,METEOROLOGICA,nodata,nodata,1900-01-01,2017-12-31
cl143c63hpdwqjk96fe7n,-38.02139998180792,-73.00670001888648,CR2,METEOROLOGICA,nodata,nodata,1988-01-01,2017-12-31
cl143c63hpdknzgx426on,-38.03329997928813,-73.01670000655577,CR2,METEOROLOGICA,nodata,nodata,2016-01-01,2018-12-31
cl143c63hrx472mzpepm),-38.04420001571998,-72.46109998086467,CR2,METEOROLOGICA,nodata,nodata,1998-01-01,2017-12-31
cl143c63jpqrxn3fdtrdo,-38.05830001132563,-71.43439999083057,CR2,METEOROLOGICA,nodata,nodata,2007-01-01,2018-12-31
cl143c63jr2qk8zkxssva,-38.06610000086948,-71.34969997918233,CR2,METEOROLOGICA,nodata,nodata,2013-01-01,2017-12-31
cl143c63hxpp0kx34x8fo,-38.10529998270795,-72.11359997978434,CR2,METEOROLOGICA,nodata,nodata,1988-01-01,2017-12-31
cl143c63hnvh90bj2475o,-38.16360001685098,-72.90389999980107,CR2,METEOROLOGICA,nodata,nodata,1948-01-01,2017-12-31
cl143c63jq9tc8pnwzgqn,-38.20079999277368,-71.29889998817816,CR2,METEOROLOGICA,nodata,nodata,2003-01-01,2018-12-31
cl143c63hytgj1gxzdmeo,-38.2156000030227,-71.8106000055559,CR2,METEOROLOGICA,nodata,nodata,1955-01-01,2017-12-31
cl143c63hyrzrk3f78s7a,-38.23580001248047,-71.7196999839507,CR2,METEOROLOGICA,nodata,nodata,1971-01-01,1975-12-31
cl143c63hwkms82dhwfq),-38.246099988464266,-72.2289000148885,CR2,METEOROLOGICA,nodata,nodata,1986-01-01,2017-12-31
cl143c63hq6exq06j667n,-38.25610001804307,-72.6535999844782,CR2,METEOROLOGICA,nodata,nodata,1979-01-01,2017-12-31
cl143c635tzeud5dgf44a,-38.34330001613125,-73.49220000905916,CR2,METEOROLOGICA,nodata,nodata,2001-01-01,2017-12-31
cl143c63hjrzj623f7z8o,-38.41330001363531,-72.7771999896504,CR2,METEOROLOGICA,nodata,nodata,1979-01-01,2017-12-31
cl143c63ht3j8kf5b7h8o,-38.42110000317916,-72.37750001018867,CR2,METEOROLOGICA,nodata,nodata,2002-01-01,2017-12-31
cl143c63hv3kgqpkufe8a,-38.42500001890585,-72.01060001039878,CR2,METEOROLOGICA,nodata,nodata,1992-01-01,2017-12-31
cl143c63hv37grr2ug5qa,-38.430299980100244,-72.01060001039878,CR2,METEOROLOGICA,nodata,nodata,2001-01-01,2018-12-31
cl143c63hv7byg56w309n,-38.44749998068437,-71.89609998604283,CR2,METEOROLOGICA,nodata,nodata,1970-01-01,2017-12-31
cl143c63jjpzdzs97j58y,-38.45359999453649,-71.37419998878613,CR2,METEOROLOGICA,nodata,nodata,1987-01-01,2018-12-31
cl143c63jj0qn0pw3x37r,-38.463100001681596,-71.69919998617843,CR2,METEOROLOGICA,nodata,nodata,1972-01-01,1988-12-31
cl143c63ht0vc9g9kms6n,-38.46420000074431,-72.38669998710975,CR2,METEOROLOGICA,nodata,nodata,1959-01-01,2017-12-31
cl143c63jj5k8qq8k1ddo,-38.47030001459643,-71.57529999269173,CR2,METEOROLOGICA,nodata,nodata,1988-01-01,2018-12-31
cl143c635vj27ej9j287a,-38.494200005661696,-73.24079999467358,CR2,METEOROLOGICA,nodata,nodata,1988-01-01,2017-12-31
cl143c63hkz7cuvks0c6o,-38.51860001916066,-72.4521999922581,CR2,METEOROLOGICA,nodata,nodata,1953-01-01,2017-12-31
cl143c63hhqk77yrrwx7l,-38.603900007437915,-72.84560000756755,CR2,METEOROLOGICA,nodata,nodata,1987-01-01,2009-12-31
cl143c63hhq79ge0x29rl,-38.60810001147911,-72.84780000569299,CR2,METEOROLOGICA,nodata,nodata,2004-01-01,2018-12-31
cl143c63jkn78mw8vhx6a,-38.65169998956844,-71.09190000453964,CR2,METEOROLOGICA,nodata,nodata,1987-01-01,2017-12-31
cl143c63hsh2bghpkr65n,-38.66720001446083,-72.23389998776838,CR2,METEOROLOGICA,nodata,nodata,1965-01-01,2017-12-31
cl143c63hgctg1yqku19o,-38.68389999261126,-72.00000000419095,CR2,METEOROLOGICA,nodata,nodata,1987-01-01,2017-12-31
cl143c63h7yjm1dk3vqkn,-38.68670000927523,-72.5027999910526,CR2,METEOROLOGICA,nodata,nodata,2001-01-01,2018-12-31
cl143c63h7ubw3x742co),-38.712799998465925,-72.5557999801822,CR2,METEOROLOGICA,nodata,nodata,1953-01-01,2018-12-31
cl143c635gz2x9eenbc6e,-38.712799998465925,-73.14749998273328,CR2,METEOROLOGICA,nodata,nodata,1995-01-01,2017-12-31
cl143c63h7sjex31t5fbl,-38.7282999814488,-72.59280000580475,CR2,METEOROLOGICA,nodata,nodata,1974-01-01,1989-12-31
cl143c63h7s5jsd6scmdo,-38.7425000150688,-72.58999998914078,CR2,METEOROLOGICA,nodata,nodata,2009-01-01,2017-12-31
cl143c63h57uybxy4466o,-38.77749999286607,-72.95059998286888,CR2,METEOROLOGICA,nodata,nodata,1994-01-01,2004-12-31
cl143c63h5kh3dnh0croo,-38.77999997930601,-72.94690000126138,CR2,METEOROLOGICA,nodata,nodata,2004-01-01,2017-12-31
cl143c635g3fu2j0vk6fa,-38.788599979598075,-73.39359999401495,CR2,METEOROLOGICA,nodata,nodata,1979-01-01,2017-12-31
cl143c63j512x6yp527zl,-38.84439998539165,-71.65360000217333,CR2,METEOROLOGICA,nodata,nodata,2015-01-01,2018-12-31
cl143c63j4gz6yu5jpg7o,-38.8505999953486,-71.55000001424924,CR2,METEOROLOGICA,nodata,nodata,1988-01-01,2017-12-31
cl143c63hfzsv1jyzncro,-38.865300009492785,-71.73359998734668,CR2,METEOROLOGICA,nodata,nodata,2011-01-01,2015-12-31
cl143c63hf93d475uhe4o,-38.92689999891445,-72.0125000202097,CR2,METEOROLOGICA,nodata,nodata,1970-01-01,2017-12-31
cl143c63h67krkcmgbh5e,-38.95529998233542,-72.6206000125967,CR2,METEOROLOGICA,nodata,nodata,1939-01-01,1973-12-31
cl143c63hdm5c1snddgcs,-38.95859997952357,-72.20059998566285,CR2,METEOROLOGICA,nodata,nodata,1939-01-01,2017-12-31
cl143c63h67g8npyxrwds,-38.959199998062104,-72.60829998878762,CR2,METEOROLOGICA,nodata,nodata,1981-01-01,2017-12-31
cl143c63h67674d0xh7rl,-38.96669999929145,-72.62639999622479,CR2,METEOROLOGICA,nodata,nodata,1969-01-01,1981-12-31
cl143c63hdhr33f45twus,-38.98329998133704,-72.23330001113936,CR2,METEOROLOGICA,nodata,nodata,2017-01-01,2018-12-31
cl143c63hf0h4th1jwvba,-39.00060001993552,-72.06670000450686,CR2,METEOROLOGICA,nodata,nodata,1970-01-01,2014-12-31
cl143c63h40cwsxkdwgwt,-39.01439998531714,-73.08279998833314,CR2,METEOROLOGICA,nodata,nodata,2004-01-01,2018-12-31
cl143c63h1cp4nsfg0tfd,-39.02780000818893,-73.07810000376776,CR2,METEOROLOGICA,nodata,nodata,1988-01-01,2017-12-31
cl143c63h9zwnw937zfmo,-39.03330000350252,-72.08329998655245,CR2,METEOROLOGICA,nodata,nodata,2014-01-01,2017-12-31
cl143c63h98fh1fzewgme,-39.10000000381842,-72.38329999381676,CR2,METEOROLOGICA,nodata,nodata,2015-01-01,2018-12-31
cl143c63h36bcejr1yp8e,-39.15060000261292,-72.65029998729005,CR2,METEOROLOGICA,nodata,nodata,1961-01-01,2017-12-31
cl143c63hcpvuv6tumueo,-39.16670000413433,-71.72310001915321,CR2,METEOROLOGICA,nodata,nodata,1996-01-01,2017-12-31
cl143c63hbvzy77q779da,-39.20000000623986,-71.80889998795465,CR2,METEOROLOGICA,nodata,nodata,1976-01-01,2017-12-31
cl143c635byr9pvqs285n,-39.20059998286888,-73.20029997965321,CR2,METEOROLOGICA,nodata,nodata,1994-01-01,2017-12-31
cl143c63h8fvnu161t09a,-39.21500000869855,-72.29169999947771,CR2,METEOROLOGICA,nodata,nodata,1961-01-01,2017-12-31
cl143c63hbv34vthyrdha,-39.23670000163838,-71.83559999568388,CR2,METEOROLOGICA,nodata,nodata,1998-01-01,2009-12-31
cl143c63hbddpku3rv94n,-39.27530000684783,-71.9503000122495,CR2,METEOROLOGICA,nodata,nodata,1984-01-01,2018-12-31
cl143c63hb7jec2t5vm9a,-39.30059998529032,-71.93330000387505,CR2,METEOROLOGICA,nodata,nodata,1958-01-01,1969-12-31
cl143c63hbjzyvcrdsj7o,-39.33140000095591,-71.80830001132563,CR2,METEOROLOGICA,nodata,nodata,1965-01-01,2017-12-31
cl143c63j057147w7hm9e,-39.35810000868514,-71.57439998583868,CR2,METEOROLOGICA,nodata,nodata,1976-01-01,2017-12-31
cl143c63h24bzvjsnd57e,-39.370000006165355,-72.64169998699799,CR2,METEOROLOGICA,nodata,nodata,1993-01-01,2017-12-31
cl143c62uxmz4cdsuhv8y,-39.46809999877587,-72.16530001955107,CR2,METEOROLOGICA,nodata,nodata,1996-01-01,2017-12-31
cl143c62ur3vhpmsfbxrn,-39.47809998644516,-72.69080000231043,CR2,METEOROLOGICA,nodata,nodata,2013-01-01,2018-12-31
cl143c62uxk78bshkr68u,-39.48749999748543,-72.23389998776838,CR2,METEOROLOGICA,nodata,nodata,1987-01-01,2017-12-31
cl143c62vp5vsrzrjt3f),-39.519200020004064,-71.5478000161238,CR2,METEOROLOGICA,nodata,nodata,1987-01-01,2017-12-31
cl143c62uxn0swdgebwen,-39.54689998878166,-72.15189999667928,CR2,METEOROLOGICA,nodata,nodata,1970-01-01,2017-12-31
cl143c62unvpsxsx82uja,-39.55219999188557,-72.89889998501167,CR2,METEOROLOGICA,nodata,nodata,1999-01-01,2017-12-31
cl143c62uyc7xq6vhud6e,-39.5744000072591,-72.00530000729486,CR2,METEOROLOGICA,nodata,nodata,1997-01-01,2017-12-31
cl143c62uq0eqtrcs6e7o,-39.70780000789091,-72.74220001185313,CR2,METEOROLOGICA,nodata,nodata,1994-01-01,2017-12-31
cl143c62uvuzzur9jt05e,-39.72720000660047,-71.85059999814257,CR2,METEOROLOGICA,nodata,nodata,1993-01-01,2017-12-31
cl143c62umxpt8guu8vbe,-39.77310002082959,-72.45810001390055,CR2,METEOROLOGICA,nodata,nodata,1985-01-01,2017-12-31
cl143c62ujt1f48dh10ve,-39.80440001701936,-72.90250001242384,CR2,METEOROLOGICA,nodata,nodata,2011-01-01,2018-12-31
cl143c62gvt0g8pwjwko),-39.81029999675229,-73.25169998919591,CR2,METEOROLOGICA,nodata,nodata,2000-01-01,2015-12-31
cl143c62gvmrdhxj1fq7a,-39.81640001060441,-73.24280000058934,CR2,METEOROLOGICA,nodata,nodata,1973-01-01,1973-12-31
cl143c62uv3zhw0ej1mce,-39.818899997044355,-71.9871999998577,CR2,METEOROLOGICA,nodata,nodata,1976-01-01,1986-12-31
cl143c62gvqb2vrh2yw8e,-39.856100014876574,-73.17859998671338,CR2,METEOROLOGICA,nodata,nodata,1972-01-01,2018-12-31
cl143c62uvhjs175nunpy,-39.87189998617396,-71.8889000150375,CR2,METEOROLOGICA,nodata,nodata,1999-01-01,2017-12-31
cl143c62uvhj59094mqzo,-39.874700002837926,-71.8896999838762,CR2,METEOROLOGICA,nodata,nodata,2003-01-01,2017-12-31
cl143c62uurfjsn970nro,-40.02249998738989,-71.72189998207614,CR2,METEOROLOGICA,nodata,nodata,1939-01-01,2017-12-31
cl143c62uk59czxsdf48y,-40.06720000645146,-72.61689998907968,CR2,METEOROLOGICA,nodata,nodata,1994-01-01,2017-12-31
cl143c62ueec5pewx2y7e,-40.15919998520985,-72.25280000595376,CR2,METEOROLOGICA,nodata,nodata,2011-01-01,2017-12-31
cl143c62ggx001301y38n,-40.165799979586154,-73.1688999873586,CR2,METEOROLOGICA,nodata,nodata,1997-01-01,2017-12-31
cl143c62gg351153g636a,-40.193299998063594,-73.43110000016168,CR2,METEOROLOGICA,nodata,nodata,1997-01-01,2017-12-31
cl143c62uennwtcf91qbe,-40.21719998912886,-72.14920001802966,CR2,METEOROLOGICA,nodata,nodata,1976-01-01,2017-12-31
cl143c62ue588yzb4veya,-40.25000001071021,-72.26670000934973,CR2,METEOROLOGICA,nodata,nodata,2013-01-01,2017-12-31
cl143c62u4bvwm7xjf2tn,-40.26669998886064,-73.08330001076683,CR2,METEOROLOGICA,nodata,nodata,2013-01-01,2018-12-31
cl143c62gf8vp8b06vg7d,-40.314199982676655,-73.43329999828711,CR2,METEOROLOGICA,nodata,nodata,1997-01-01,2017-12-31
cl143c62u6wumx31pyj9o,-40.3171999915503,-72.46920000063255,CR2,METEOROLOGICA,nodata,nodata,1958-01-01,2017-12-31
cl143c62u46b32vrqrduo,-40.38419998018071,-73.00219998462126,CR2,METEOROLOGICA,nodata,nodata,2013-01-01,2017-12-31
cl143c62gcpphvm4vet9o,-40.566100019495934,-73.16219999687746,CR2,METEOROLOGICA,nodata,nodata,1976-01-01,1982-12-31
cl143c62u10n4gdcsj35o,-40.57190000312403,-73.12110000522807,CR2,METEOROLOGICA,nodata,nodata,1983-01-01,1986-12-31
cl143c62g94t3c36g9fba,-40.57639999547973,-73.71580001665279,CR2,METEOROLOGICA,nodata,nodata,1997-01-01,2002-12-31
cl143c62u107jhjb2rdei,-40.588299992959946,-73.10690001351759,CR2,METEOROLOGICA,nodata,nodata,1983-01-01,2018-12-31
cl143c62gbyg91n509kyo,-40.63000000314787,-73.17829999839887,CR2,METEOROLOGICA,nodata,nodata,2014-01-01,2018-12-31
cl143c62u8tquvtwf1n7a,-40.65529998159036,-72.1843999880366,CR2,METEOROLOGICA,nodata,nodata,1997-01-01,2017-12-31
cl143c62gbmsm4hdfgbpo,-40.71360001573339,-73.22779999813065,CR2,METEOROLOGICA,nodata,nodata,2003-01-01,2018-12-31
cl143c62u2rddf9xvn29n,-40.72309998096898,-72.44000000646338,CR2,METEOROLOGICA,nodata,nodata,1994-01-01,2017-12-31
cl143c62u2413nq3gzx6o,-40.77329999534413,-72.68390001961961,CR2,METEOROLOGICA,nodata,nodata,1993-01-01,2017-12-31
cl143c62ezvzxqbrp3g8o,-40.78280000248924,-73.21389999473467,CR2,METEOROLOGICA,nodata,nodata,1999-01-01,2004-12-31
cl143c62srcyte3vgtzzo,-40.78890001634136,-72.6888999924995,CR2,METEOROLOGICA,nodata,nodata,2010-01-01,2018-12-31
cl143c62ezvvqukufwbso,-40.7956000068225,-73.21440001716837,CR2,METEOROLOGICA,nodata,nodata,2014-01-01,2018-12-31
cl143c62ezpexn7wp088e,-40.936700000893325,-73.13720000674948,CR2,METEOROLOGICA,nodata,nodata,1999-01-01,2017-12-31
cl143c62sq71yqtp4uv6a,-41.07809998327866,-72.63279999839142,CR2,METEOROLOGICA,nodata,nodata,2015-01-01,2018-12-31
cl143c62sn13ne8grq38r,-41.12670001806691,-73.0610999953933,CR2,METEOROLOGICA,nodata,nodata,1993-01-01,2017-12-31
cl143c62evckr8tku7k5a,-41.15329998778179,-73.41109998291358,CR2,METEOROLOGICA,nodata,nodata,1993-01-01,2017-12-31
cl143c62smkwvebsydpba,-41.226900012698025,-72.56810000399128,CR2,METEOROLOGICA,nodata,nodata,1961-01-01,2006-12-31
cl143c62empgfz8c3cm9o,-41.2866999884136,-73.83530001388863,CR2,METEOROLOGICA,nodata,nodata,2000-01-01,2000-12-31
cl143c62skkh1r762479o,-41.41720001818612,-72.59580001467839,CR2,METEOROLOGICA,nodata,nodata,1999-01-01,2015-12-31
cl143c62su6fzyt17vyee,-41.42419999698177,-71.93860000697896,CR2,METEOROLOGICA,nodata,nodata,2014-01-01,2018-12-31
cl143c62skk3zqx21v1f),-41.429699992295355,-72.57640001596883,CR2,METEOROLOGICA,nodata,nodata,2012-01-01,2018-12-31
cl143c62shhk2mfpf6tct,-41.45999998552725,-72.93780002044514,CR2,METEOROLOGICA,nodata,nodata,1973-01-01,2018-12-31
cl143c62s5vnybudrgvm),-41.49109998950735,-72.89579998003319,CR2,METEOROLOGICA,nodata,nodata,2002-01-01,2006-12-31
cl143c62eem0nj79y3f6n,-41.615300013218075,-73.60000000102445,CR2,METEOROLOGICA,nodata,nodata,1986-01-01,2017-12-31
cl143c62sejezgg47n2za,-41.63890001596883,-72.16939998557791,CR2,METEOROLOGICA,nodata,nodata,2012-01-01,2017-12-31
cl143c62se498hz20qt4o,-41.65110000176355,-72.31170001672581,CR2,METEOROLOGICA,nodata,nodata,1996-01-01,2018-12-31
cl143c62e9b5nmrbquwd),-41.862499981652945,-73.81920001236722,CR2,METEOROLOGICA,nodata,nodata,1992-01-01,2017-12-31
cl143c62e9b8p5gprc5d),-41.87920000171289,-73.79640002036467,CR2,METEOROLOGICA,nodata,nodata,2014-01-01,2018-12-31
cl143c62s3rtq7wnjrc9n,-41.93830000469461,-72.43499999167398,CR2,METEOROLOGICA,nodata,nodata,1997-01-01,2018-12-31
cl143c62e2u9ttunyw64u,-42.046399984974414,-73.97420000983402,CR2,METEOROLOGICA,nodata,nodata,1999-01-01,2017-12-31
cl143c62eb20d809tb66i,-42.14079999597743,-73.47309999866411,CR2,METEOROLOGICA,nodata,nodata,1999-01-01,2017-12-31
cl143c627w3nxpeus20e),-42.45809999993071,-73.77439999720082,CR2,METEOROLOGICA,nodata,nodata,1992-01-01,2009-12-31
cl143c627w34z789ckse),-42.479400008451194,-73.77420000499114,CR2,METEOROLOGICA,nodata,nodata,2014-01-01,2018-12-31
cl143c627m99s0sj5s24o,-42.6185999927111,-74.10809999099001,CR2,METEOROLOGICA,nodata,nodata,1996-01-01,2017-12-31
cl143c627t92b21njq36i,-42.62279999675229,-73.77280001761392,CR2,METEOROLOGICA,nodata,nodata,2010-01-01,2017-12-31
cl143c62k7c7teg81gh6n,-42.91469998424873,-72.71080001955852,CR2,METEOROLOGICA,nodata,nodata,1997-01-01,2008-12-31
cl143c62k7cdfwu34bjon,-42.918300011660904,-72.70389999495819,CR2,METEOROLOGICA,nodata,nodata,2014-01-01,2016-12-31
cl143c627dubm6nqt036n,-43.108600017149,-73.61189999850467,CR2,METEOROLOGICA,nodata,nodata,1992-01-01,2017-12-31
cl143c62k6ru1x2h9j1gs,-43.17499998724088,-72.43079998763278,CR2,METEOROLOGICA,nodata,nodata,2000-01-01,2016-12-31
cl143c62kf5hv9xwcpwcn,-43.21579999057576,-71.93059998331591,CR2,METEOROLOGICA,nodata,nodata,2000-01-01,2017-12-31
cl143c62k912by4es8cha,-43.412799986545,-72.36580000491813,CR2,METEOROLOGICA,nodata,nodata,2014-01-01,2018-12-31
cl143c62k8z4kfj6nfrzo,-43.44919999362901,-72.10750000784174,CR2,METEOROLOGICA,nodata,nodata,2014-01-01,2017-12-31
cl143c62k89wcdyctd2eo,-43.46830000402406,-72.3536000191234,CR2,METEOROLOGICA,nodata,nodata,2000-01-01,2017-12-31
cl143c62hzye8t9usts5a,-43.61750001786277,-71.78389999782667,CR2,METEOROLOGICA,nodata,nodata,2000-01-01,2017-12-31
cl143c62hngzs5278yufa,-43.77170000458136,-72.95469999080524,CR2,METEOROLOGICA,nodata,nodata,1993-01-01,2017-12-31
cl143c62htb77ge0z907a,-43.970800002571195,-72.40560000529513,CR2,METEOROLOGICA,nodata,nodata,1981-01-01,2018-12-31
cl143c62ht6mm009xx97t,-44.0483000013046,-72.31610001297668,CR2,METEOROLOGICA,nodata,nodata,1993-01-01,2012-12-31
cl143c62htm1bgxqmqqk),-44.06689998926595,-72.20080001978204,CR2,METEOROLOGICA,nodata,nodata,1993-01-01,2001-12-31
cl143c62hum47qbd0gw9e,-44.2394000175409,-71.84610000578687,CR2,METEOROLOGICA,nodata,nodata,1993-01-01,2012-12-31
cl143c62h7ug78urnprgi,-44.322799996007234,-72.55969999590889,CR2,METEOROLOGICA,nodata,nodata,1981-01-01,2017-12-31
cl143c62j6c7kr22y3q9s,-44.497499980498105,-71.30639998940751,CR2,METEOROLOGICA,nodata,nodata,1981-01-01,2017-12-31
cl143c62j4100zhndmb8a,-44.64720001677051,-71.67360001942143,CR2,METEOROLOGICA,nodata,nodata,1981-01-01,2003-12-31
cl143c62h9gscmvbd72co,-44.665299982298166,-72.2660999908112,CR2,METEOROLOGICA,nodata,nodata,1981-01-01,2017-12-31
cl143c62h3d1e18tu0hds,-44.72780002048239,-72.68139999127015,CR2,METEOROLOGICA,nodata,nodata,1955-01-01,2017-12-31
cl143c4rgxp5dzr9zp2ds,-45.15530000673607,-73.51639998843893,CR2,METEOROLOGICA,nodata,nodata,2011-01-01,2018-12-31
cl143c4ruxn0rw6qt1hfs,-45.1733000180684,-72.14779998874292,CR2,METEOROLOGICA,nodata,nodata,1986-01-01,2017-12-31
cl143c4rvnkr6j0y4xrjo,-45.26690001832321,-71.52919998625293,CR2,METEOROLOGICA,nodata,nodata,2000-01-01,2017-12-31
cl143c4rvn2nwzws8bp6o,-45.27059999993071,-71.70920001575723,CR2,METEOROLOGICA,nodata,nodata,1993-01-01,2017-12-31
cl143c4ruvfh21t0v6nca,-45.37189999362454,-71.98219998506829,CR2,METEOROLOGICA,nodata,nodata,1980-01-01,2017-12-31
cl143c4rum9xj6r4wzzcn,-45.40060000726953,-72.6999999792315,CR2,METEOROLOGICA,nodata,nodata,1931-01-01,2009-12-31
cl143c4rumwqxbzgdb08o,-45.40360001614317,-72.4877999885939,CR2,METEOROLOGICA,nodata,nodata,1980-01-01,2017-12-31
cl143c4rumeqjkp17u8sn,-45.40580001426861,-72.62309999903664,CR2,METEOROLOGICA,nodata,nodata,2002-01-01,2018-12-31
cl143c4rujqgrwwm8fjgo,-45.46439999481663,-72.8178000007756,CR2,METEOROLOGICA,nodata,nodata,1965-01-01,2017-12-31
cl143c4rvj68e6099dceo,-45.48030000412837,-71.60439999075606,CR2,METEOROLOGICA,nodata,nodata,1962-01-01,2018-12-31
cl143c4ruub78m9gtb2ff,-45.55110001238063,-72.058900014963,CR2,METEOROLOGICA,nodata,nodata,2002-01-01,2017-12-31
cl143c4ruub59d5e9v2ze,-45.55169998900965,-72.06809999188408,CR2,METEOROLOGICA,nodata,nodata,2005-01-01,2018-12-31
cl143c4ruu8zw2gcr15v),-45.57390000438318,-72.02859997982159,CR2,METEOROLOGICA,nodata,nodata,1981-01-01,2018-12-31
cl143c4rufzyy6c0peyzo,-45.88529998669401,-71.72110001323745,CR2,METEOROLOGICA,nodata,nodata,2010-01-01,2017-12-31
cl143c4ru9wh50h308smo,-46.12059999955818,-72.15390000259504,CR2,METEOROLOGICA,nodata,nodata,1992-01-01,2017-12-31
cl143c4rubcbcykgbz4ta,-46.269199994858354,-71.99079998536035,CR2,METEOROLOGICA,nodata,nodata,2005-01-01,2018-12-31
cl143c4rubej79cesnrcz,-46.28920001210645,-71.93359999218956,CR2,METEOROLOGICA,nodata,nodata,1961-01-01,2009-12-31
cl143c4rsrdmu7ffhdbba,-46.46189999068156,-72.6685999869369,CR2,METEOROLOGICA,nodata,nodata,1993-01-01,2017-12-31
cl143c4rsxhrnn7cjj0wl,-46.54249999439344,-72.22670001676306,CR2,METEOROLOGICA,nodata,nodata,2015-01-01,2018-12-31
cl143c4rtp0nzpvs0eqbo,-46.543599993456155,-71.70889998553321,CR2,METEOROLOGICA,nodata,nodata,1963-01-01,2017-12-31
cl143c4reqxkfe5d8mtjl,-46.643300007563084,-73.85749998735264,CR2,METEOROLOGICA,nodata,nodata,2009-01-01,2018-12-31
cl143c4rsm98z6c6p4ezl,-46.84110001428053,-72.69749999279156,CR2,METEOROLOGICA,nodata,nodata,2015-01-01,2017-12-31
cl143c4rsm98sbut4mydl,-46.842799989972264,-72.70079998997971,CR2,METEOROLOGICA,nodata,nodata,1993-01-01,2016-12-31
cl143c4rsjx24285hzhxe,-46.84560000663623,-72.80330002075061,CR2,METEOROLOGICA,nodata,nodata,2015-01-01,2017-12-31
cl143c4rs7ywdrp43ypro,-47.11640001973137,-72.48439999530092,CR2,METEOROLOGICA,nodata,nodata,1993-01-01,2017-12-31
cl143c4rs5bfgdrv1qmze,-47.13779998244718,-73.0868999962695,CR2,METEOROLOGICA,nodata,nodata,2010-01-01,2018-12-31
cl143c4rs7c44tqn157zo,-47.14140000985935,-72.7257999801077,CR2,METEOROLOGICA,nodata,nodata,2003-01-01,2018-12-31
cl143c4regmpugpk3nzza,-47.19809998059645,-73.25000001350418,CR2,METEOROLOGICA,nodata,nodata,2009-01-01,2018-12-31
cl143c4rs7hr6we4vctje,-47.244199987035245,-72.58310000644997,CR2,METEOROLOGICA,nodata,nodata,1997-01-01,1998-12-31
cl143c4rs7hy04yutwmre,-47.25169998826459,-72.56439998047426,CR2,METEOROLOGICA,nodata,nodata,2004-01-01,2018-12-31
cl143c4rs48npt0j80rso,-47.3392000165768,-73.11470000306144,CR2,METEOROLOGICA,nodata,nodata,2009-01-01,2018-12-31
cl143c4re8ndkfedj6fdl,-47.7997000166215,-73.5357999871485,CR2,METEOROLOGICA,nodata,nodata,2002-01-01,2018-12-31
cl143c4rkn0bfk34qjgzu,-48.159200011286885,-73.08890000218526,CR2,METEOROLOGICA,nodata,nodata,2003-01-01,2018-12-31
cl143c4rktdrbnk9e9jfn,-48.2082999846898,-72.32280000345781,CR2,METEOROLOGICA,nodata,nodata,1993-01-01,2004-12-31
cl143c4rkkkbknrn4zbes,-48.46920000622049,-72.55889998516068,CR2,METEOROLOGICA,nodata,nodata,1993-01-01,2008-12-31
cl143c4rk7upc8wfkfqys,-48.51689999224618,-72.59529999224469,CR2,METEOROLOGICA,nodata,nodata,2003-01-01,2018-12-31
